Year,Geo Level,State,State ANSI,Fruit,Category,Item,Metric,Value,CV (%)
2021,NATIONAL,US TOTAL,NA,STRAWBERRIES,ORGANIC - ACRES HARVESTED,NA,NA,NA,43.5
2021,NATIONAL,US TOTAL,NA,STRAWBERRIES,ORGANIC - OPERATIONS WITH AREA HARVESTED,NA,NA,546,6.3
2021,NATIONAL,US TOTAL,NA,STRAWBERRIES,ORGANIC - OPERATIONS WITH SALES,NA,NA,546,6.3
2021,NATIONAL,US TOTAL,NA,STRAWBERRIES,ORGANIC - PRODUCTION,MEASURED IN CWT,NA,NA,51.2
2021,NATIONAL,US TOTAL,NA,STRAWBERRIES,ORGANIC - SALES,MEASURED IN $,NA,NA,45.7
2021,NATIONAL,US TOTAL,NA,STRAWBERRIES,ORGANIC - SALES,MEASURED IN CWT,NA,NA,51.3
2021,NATIONAL,US TOTAL,NA,STRAWBERRIES,ORGANIC,FRESH MARKET - OPERATIONS WITH SALES,NA,540,6.3
2021,NATIONAL,US TOTAL,NA,STRAWBERRIES,ORGANIC,FRESH MARKET - SALES,MEASURED IN $,NA,(D)
2021,NATIONAL,US TOTAL,NA,STRAWBERRIES,ORGANIC,FRESH MARKET - SALES,MEASURED IN CWT,NA,50.3
2021,NATIONAL,US TOTAL,NA,STRAWBERRIES,ORGANIC,PROCESSING - OPERATIONS WITH SALES,NA,18,24.9
2021,NATIONAL,US TOTAL,NA,STRAWBERRIES,ORGANIC,PROCESSING - SALES,MEASURED IN $,NA,(D)
2021,NATIONAL,US TOTAL,NA,STRAWBERRIES,ORGANIC,PROCESSING - SALES,MEASURED IN CWT,NA,(H)
2021,STATE,ALASKA,02,STRAWBERRIES,ORGANIC - ACRES HARVESTED,NA,NA,NA,(D)
2021,STATE,ALASKA,02,STRAWBERRIES,ORGANIC - OPERATIONS WITH AREA HARVESTED,NA,NA,2,(H)
2021,STATE,ALASKA,02,STRAWBERRIES,ORGANIC - OPERATIONS WITH SALES,NA,NA,2,(H)
2021,STATE,ALASKA,02,STRAWBERRIES,ORGANIC - PRODUCTION,MEASURED IN CWT,NA,NA,(D)
2021,STATE,ALASKA,02,STRAWBERRIES,ORGANIC - SALES,MEASURED IN $,NA,NA,(D)
2021,STATE,ALASKA,02,STRAWBERRIES,ORGANIC - SALES,MEASURED IN CWT,NA,NA,(D)
2021,STATE,ALASKA,02,STRAWBERRIES,ORGANIC,FRESH MARKET - OPERATIONS WITH SALES,NA,2,(H)
2021,STATE,ALASKA,02,STRAWBERRIES,ORGANIC,FRESH MARKET - SALES,MEASURED IN $,NA,(D)
2021,STATE,ALASKA,02,STRAWBERRIES,ORGANIC,FRESH MARKET - SALES,MEASURED IN CWT,NA,(D)
2021,STATE,CALIFORNIA,06,STRAWBERRIES,ORGANIC - ACRES HARVESTED,NA,NA,NA,45.7
2021,STATE,CALIFORNIA,06,STRAWBERRIES,ORGANIC - OPERATIONS WITH AREA HARVESTED,NA,NA,142,19.2
2021,STATE,CALIFORNIA,06,STRAWBERRIES,ORGANIC - OPERATIONS WITH SALES,NA,NA,142,19.2
2021,STATE,CALIFORNIA,06,STRAWBERRIES,ORGANIC - PRODUCTION,MEASURED IN CWT,NA,NA,51.6
2021,STATE,CALIFORNIA,06,STRAWBERRIES,ORGANIC - SALES,MEASURED IN $,NA,NA,46.0
2021,STATE,CALIFORNIA,06,STRAWBERRIES,ORGANIC - SALES,MEASURED IN CWT,NA,NA,51.7
2021,STATE,CALIFORNIA,06,STRAWBERRIES,ORGANIC,FRESH MARKET - OPERATIONS WITH SALES,NA,141,20.4
2021,STATE,CALIFORNIA,06,STRAWBERRIES,ORGANIC,FRESH MARKET - SALES,MEASURED IN $,NA,(D)
2021,STATE,CALIFORNIA,06,STRAWBERRIES,ORGANIC,FRESH MARKET - SALES,MEASURED IN CWT,NA,50.6
2021,STATE,CALIFORNIA,06,STRAWBERRIES,ORGANIC,PROCESSING - OPERATIONS WITH SALES,NA,7,60.0
2021,STATE,CALIFORNIA,06,STRAWBERRIES,ORGANIC,PROCESSING - SALES,MEASURED IN $,NA,(D)
2021,STATE,CALIFORNIA,06,STRAWBERRIES,ORGANIC,PROCESSING - SALES,MEASURED IN CWT,NA,(H)
2021,STATE,CONNECTICUT,09,STRAWBERRIES,ORGANIC - ACRES HARVESTED,NA,NA,3,(H)
2021,STATE,CONNECTICUT,09,STRAWBERRIES,ORGANIC - OPERATIONS WITH AREA HARVESTED,NA,NA,8,74.4
2021,STATE,CONNECTICUT,09,STRAWBERRIES,ORGANIC - OPERATIONS WITH SALES,NA,NA,8,74.4
2021,STATE,CONNECTICUT,09,STRAWBERRIES,ORGANIC - PRODUCTION,MEASURED IN CWT,NA,183,(H)
2021,STATE,CONNECTICUT,09,STRAWBERRIES,ORGANIC - SALES,MEASURED IN $,NA,NA,(H)
2021,STATE,CONNECTICUT,09,STRAWBERRIES,ORGANIC - SALES,MEASURED IN CWT,NA,183,(H)
2021,STATE,CONNECTICUT,09,STRAWBERRIES,ORGANIC,FRESH MARKET - OPERATIONS WITH SALES,NA,8,74.4
2021,STATE,CONNECTICUT,09,STRAWBERRIES,ORGANIC,FRESH MARKET - SALES,MEASURED IN $,NA,(H)
2021,STATE,CONNECTICUT,09,STRAWBERRIES,ORGANIC,FRESH MARKET - SALES,MEASURED IN CWT,183,(H)
2021,STATE,FLORIDA,12,STRAWBERRIES,ORGANIC - ACRES HARVESTED,NA,NA,704,99.8
2021,STATE,FLORIDA,12,STRAWBERRIES,ORGANIC - OPERATIONS WITH AREA HARVESTED,NA,NA,10,57.3
2021,STATE,FLORIDA,12,STRAWBERRIES,ORGANIC - OPERATIONS WITH SALES,NA,NA,10,57.3
2021,STATE,FLORIDA,12,STRAWBERRIES,ORGANIC - PRODUCTION,MEASURED IN CWT,NA,NA,(H)
2021,STATE,FLORIDA,12,STRAWBERRIES,ORGANIC - SALES,MEASURED IN $,NA,NA,(H)
2021,STATE,FLORIDA,12,STRAWBERRIES,ORGANIC - SALES,MEASURED IN CWT,NA,NA,(H)
2021,STATE,FLORIDA,12,STRAWBERRIES,ORGANIC,FRESH MARKET - OPERATIONS WITH SALES,NA,10,57.3
2021,STATE,FLORIDA,12,STRAWBERRIES,ORGANIC,FRESH MARKET - SALES,MEASURED IN $,NA,(H)
2021,STATE,FLORIDA,12,STRAWBERRIES,ORGANIC,FRESH MARKET - SALES,MEASURED IN CWT,NA,(H)
2021,STATE,GEORGIA,13,STRAWBERRIES,ORGANIC - ACRES HARVESTED,NA,NA,1,92.4
2021,STATE,GEORGIA,13,STRAWBERRIES,ORGANIC - OPERATIONS WITH AREA HARVESTED,NA,NA,4,80.4
2021,STATE,GEORGIA,13,STRAWBERRIES,ORGANIC - OPERATIONS WITH SALES,NA,NA,4,80.4
2021,STATE,GEORGIA,13,STRAWBERRIES,ORGANIC - PRODUCTION,MEASURED IN CWT,NA,19,78.0
2021,STATE,GEORGIA,13,STRAWBERRIES,ORGANIC - SALES,MEASURED IN $,NA,NA,77.8
2021,STATE,GEORGIA,13,STRAWBERRIES,ORGANIC - SALES,MEASURED IN CWT,NA,19,78.0
2021,STATE,GEORGIA,13,STRAWBERRIES,ORGANIC,FRESH MARKET - OPERATIONS WITH SALES,NA,4,80.4
2021,STATE,GEORGIA,13,STRAWBERRIES,ORGANIC,FRESH MARKET - SALES,MEASURED IN $,NA,77.8
2021,STATE,GEORGIA,13,STRAWBERRIES,ORGANIC,FRESH MARKET - SALES,MEASURED IN CWT,19,78.0
2021,STATE,IDAHO,16,STRAWBERRIES,ORGANIC - ACRES HARVESTED,NA,NA,7,87.5
2021,STATE,IDAHO,16,STRAWBERRIES,ORGANIC - OPERATIONS WITH AREA HARVESTED,NA,NA,6,53.2
2021,STATE,IDAHO,16,STRAWBERRIES,ORGANIC - OPERATIONS WITH SALES,NA,NA,6,53.2
2021,STATE,IDAHO,16,STRAWBERRIES,ORGANIC - PRODUCTION,MEASURED IN CWT,NA,111,71.4
2021,STATE,IDAHO,16,STRAWBERRIES,ORGANIC - SALES,MEASURED IN $,NA,NA,74.1
2021,STATE,IDAHO,16,STRAWBERRIES,ORGANIC - SALES,MEASURED IN CWT,NA,111,71.4
2021,STATE,IDAHO,16,STRAWBERRIES,ORGANIC,FRESH MARKET - OPERATIONS WITH SALES,NA,6,53.2
2021,STATE,IDAHO,16,STRAWBERRIES,ORGANIC,FRESH MARKET - SALES,MEASURED IN $,NA,74.1
2021,STATE,IDAHO,16,STRAWBERRIES,ORGANIC,FRESH MARKET - SALES,MEASURED IN CWT,111,71.4
2021,STATE,ILLINOIS,17,STRAWBERRIES,ORGANIC - ACRES HARVESTED,NA,NA,1,95.4
2021,STATE,ILLINOIS,17,STRAWBERRIES,ORGANIC - OPERATIONS WITH AREA HARVESTED,NA,NA,5,95.4
2021,STATE,ILLINOIS,17,STRAWBERRIES,ORGANIC - OPERATIONS WITH SALES,NA,NA,5,95.4
2021,STATE,ILLINOIS,17,STRAWBERRIES,ORGANIC - PRODUCTION,MEASURED IN CWT,NA,53,94.9
2021,STATE,ILLINOIS,17,STRAWBERRIES,ORGANIC - SALES,MEASURED IN $,NA,NA,95.0
2021,STATE,ILLINOIS,17,STRAWBERRIES,ORGANIC - SALES,MEASURED IN CWT,NA,53,94.9
2021,STATE,ILLINOIS,17,STRAWBERRIES,ORGANIC,FRESH MARKET - OPERATIONS WITH SALES,NA,5,95.4
2021,STATE,ILLINOIS,17,STRAWBERRIES,ORGANIC,FRESH MARKET - SALES,MEASURED IN $,NA,95.0
2021,STATE,ILLINOIS,17,STRAWBERRIES,ORGANIC,FRESH MARKET - SALES,MEASURED IN CWT,53,94.9
2021,STATE,INDIANA,18,STRAWBERRIES,ORGANIC - ACRES HARVESTED,NA,NA,NA,(D)
2021,STATE,INDIANA,18,STRAWBERRIES,ORGANIC - OPERATIONS WITH AREA HARVESTED,NA,NA,2,(H)
2021,STATE,INDIANA,18,STRAWBERRIES,ORGANIC - OPERATIONS WITH SALES,NA,NA,2,(H)
2021,STATE,INDIANA,18,STRAWBERRIES,ORGANIC - PRODUCTION,MEASURED IN CWT,NA,NA,(D)
2021,STATE,INDIANA,18,STRAWBERRIES,ORGANIC - SALES,MEASURED IN $,NA,NA,(D)
2021,STATE,INDIANA,18,STRAWBERRIES,ORGANIC - SALES,MEASURED IN CWT,NA,NA,(D)
2021,STATE,INDIANA,18,STRAWBERRIES,ORGANIC,FRESH MARKET - OPERATIONS WITH SALES,NA,2,(H)
2021,STATE,INDIANA,18,STRAWBERRIES,ORGANIC,FRESH MARKET - SALES,MEASURED IN $,NA,(D)
2021,STATE,INDIANA,18,STRAWBERRIES,ORGANIC,FRESH MARKET - SALES,MEASURED IN CWT,NA,(D)
2021,STATE,IOWA,19,STRAWBERRIES,ORGANIC - ACRES HARVESTED,NA,NA,NA,(D)
2021,STATE,IOWA,19,STRAWBERRIES,ORGANIC - OPERATIONS WITH AREA HARVESTED,NA,NA,6,97.5
2021,STATE,IOWA,19,STRAWBERRIES,ORGANIC - OPERATIONS WITH SALES,NA,NA,6,97.5
2021,STATE,IOWA,19,STRAWBERRIES,ORGANIC - PRODUCTION,MEASURED IN CWT,NA,74,96.4
2021,STATE,IOWA,19,STRAWBERRIES,ORGANIC - SALES,MEASURED IN $,NA,NA,(D)
2021,STATE,IOWA,19,STRAWBERRIES,ORGANIC - SALES,MEASURED IN CWT,NA,74,96.4
2021,STATE,IOWA,19,STRAWBERRIES,ORGANIC,FRESH MARKET - OPERATIONS WITH SALES,NA,6,97.5
2021,STATE,IOWA,19,STRAWBERRIES,ORGANIC,FRESH MARKET - SALES,MEASURED IN $,NA,(D)
2021,STATE,IOWA,19,STRAWBERRIES,ORGANIC,FRESH MARKET - SALES,MEASURED IN CWT,74,96.4
2021,STATE,KENTUCKY,21,STRAWBERRIES,ORGANIC - ACRES HARVESTED,NA,NA,5,76.0
2021,STATE,KENTUCKY,21,STRAWBERRIES,ORGANIC - OPERATIONS WITH AREA HARVESTED,NA,NA,12,69.1
2021,STATE,KENTUCKY,21,STRAWBERRIES,ORGANIC - OPERATIONS WITH SALES,NA,NA,12,69.1
2021,STATE,KENTUCKY,21,STRAWBERRIES,ORGANIC - PRODUCTION,MEASURED IN CWT,NA,62,72.0
2021,STATE,KENTUCKY,21,STRAWBERRIES,ORGANIC - SALES,MEASURED IN $,NA,NA,72.0
2021,STATE,KENTUCKY,21,STRAWBERRIES,ORGANIC - SALES,MEASURED IN CWT,NA,62,72.0
2021,STATE,KENTUCKY,21,STRAWBERRIES,ORGANIC,FRESH MARKET - OPERATIONS WITH SALES,NA,12,69.1
2021,STATE,KENTUCKY,21,STRAWBERRIES,ORGANIC,FRESH MARKET - SALES,MEASURED IN $,NA,72.0
2021,STATE,KENTUCKY,21,STRAWBERRIES,ORGANIC,FRESH MARKET - SALES,MEASURED IN CWT,62,72.0
2021,STATE,LOUISIANA,22,STRAWBERRIES,ORGANIC - ACRES HARVESTED,NA,NA,NA,(D)
2021,STATE,LOUISIANA,22,STRAWBERRIES,ORGANIC - OPERATIONS WITH AREA HARVESTED,NA,NA,2,(H)
2021,STATE,LOUISIANA,22,STRAWBERRIES,ORGANIC - OPERATIONS WITH SALES,NA,NA,2,(H)
2021,STATE,LOUISIANA,22,STRAWBERRIES,ORGANIC - PRODUCTION,MEASURED IN CWT,NA,NA,(D)
2021,STATE,LOUISIANA,22,STRAWBERRIES,ORGANIC - SALES,MEASURED IN $,NA,NA,(D)
2021,STATE,LOUISIANA,22,STRAWBERRIES,ORGANIC - SALES,MEASURED IN CWT,NA,NA,(D)
2021,STATE,LOUISIANA,22,STRAWBERRIES,ORGANIC,FRESH MARKET - OPERATIONS WITH SALES,NA,2,(H)
2021,STATE,LOUISIANA,22,STRAWBERRIES,ORGANIC,FRESH MARKET - SALES,MEASURED IN $,NA,(D)
2021,STATE,LOUISIANA,22,STRAWBERRIES,ORGANIC,FRESH MARKET - SALES,MEASURED IN CWT,NA,(D)
2021,STATE,MAINE,23,STRAWBERRIES,ORGANIC - ACRES HARVESTED,NA,NA,11,62.4
2021,STATE,MAINE,23,STRAWBERRIES,ORGANIC - OPERATIONS WITH AREA HARVESTED,NA,NA,16,38.4
2021,STATE,MAINE,23,STRAWBERRIES,ORGANIC - OPERATIONS WITH SALES,NA,NA,16,38.4
2021,STATE,MAINE,23,STRAWBERRIES,ORGANIC - PRODUCTION,MEASURED IN CWT,NA,504,(H)
2021,STATE,MAINE,23,STRAWBERRIES,ORGANIC - SALES,MEASURED IN $,NA,NA,(H)
2021,STATE,MAINE,23,STRAWBERRIES,ORGANIC - SALES,MEASURED IN CWT,NA,504,(H)
2021,STATE,MAINE,23,STRAWBERRIES,ORGANIC,FRESH MARKET - OPERATIONS WITH SALES,NA,16,38.4
2021,STATE,MAINE,23,STRAWBERRIES,ORGANIC,FRESH MARKET - SALES,MEASURED IN $,NA,(H)
2021,STATE,MAINE,23,STRAWBERRIES,ORGANIC,FRESH MARKET - SALES,MEASURED IN CWT,504,(H)
2021,STATE,MARYLAND,24,STRAWBERRIES,ORGANIC - ACRES HARVESTED,NA,NA,3,31.6
2021,STATE,MARYLAND,24,STRAWBERRIES,ORGANIC - OPERATIONS WITH AREA HARVESTED,NA,NA,17,31.1
2021,STATE,MARYLAND,24,STRAWBERRIES,ORGANIC - OPERATIONS WITH SALES,NA,NA,17,31.1
2021,STATE,MARYLAND,24,STRAWBERRIES,ORGANIC - PRODUCTION,MEASURED IN CWT,NA,127,35.4
2021,STATE,MARYLAND,24,STRAWBERRIES,ORGANIC - SALES,MEASURED IN $,NA,NA,42.8
2021,STATE,MARYLAND,24,STRAWBERRIES,ORGANIC - SALES,MEASURED IN CWT,NA,127,35.4
2021,STATE,MARYLAND,24,STRAWBERRIES,ORGANIC,FRESH MARKET - OPERATIONS WITH SALES,NA,17,31.1
2021,STATE,MARYLAND,24,STRAWBERRIES,ORGANIC,FRESH MARKET - SALES,MEASURED IN $,NA,(D)
2021,STATE,MARYLAND,24,STRAWBERRIES,ORGANIC,FRESH MARKET - SALES,MEASURED IN CWT,NA,(D)
2021,STATE,MARYLAND,24,STRAWBERRIES,ORGANIC,PROCESSING - OPERATIONS WITH SALES,NA,2,(H)
2021,STATE,MARYLAND,24,STRAWBERRIES,ORGANIC,PROCESSING - SALES,MEASURED IN $,NA,(D)
2021,STATE,MARYLAND,24,STRAWBERRIES,ORGANIC,PROCESSING - SALES,MEASURED IN CWT,NA,(D)
2021,STATE,MASSACHUSETTS,25,STRAWBERRIES,ORGANIC - ACRES HARVESTED,NA,NA,9,89.6
2021,STATE,MASSACHUSETTS,25,STRAWBERRIES,ORGANIC - OPERATIONS WITH AREA HARVESTED,NA,NA,12,79.2
2021,STATE,MASSACHUSETTS,25,STRAWBERRIES,ORGANIC - OPERATIONS WITH SALES,NA,NA,12,79.2
2021,STATE,MASSACHUSETTS,25,STRAWBERRIES,ORGANIC - PRODUCTION,MEASURED IN CWT,NA,251,76.5
2021,STATE,MASSACHUSETTS,25,STRAWBERRIES,ORGANIC - SALES,MEASURED IN $,NA,NA,80.1
2021,STATE,MASSACHUSETTS,25,STRAWBERRIES,ORGANIC - SALES,MEASURED IN CWT,NA,251,76.5
2021,STATE,MASSACHUSETTS,25,STRAWBERRIES,ORGANIC,FRESH MARKET - OPERATIONS WITH SALES,NA,12,79.2
2021,STATE,MASSACHUSETTS,25,STRAWBERRIES,ORGANIC,FRESH MARKET - SALES,MEASURED IN $,NA,80.1
2021,STATE,MASSACHUSETTS,25,STRAWBERRIES,ORGANIC,FRESH MARKET - SALES,MEASURED IN CWT,251,76.5
2021,STATE,MICHIGAN,26,STRAWBERRIES,ORGANIC - ACRES HARVESTED,NA,NA,15,47.2
2021,STATE,MICHIGAN,26,STRAWBERRIES,ORGANIC - OPERATIONS WITH AREA HARVESTED,NA,NA,26,32.5
2021,STATE,MICHIGAN,26,STRAWBERRIES,ORGANIC - OPERATIONS WITH SALES,NA,NA,26,32.5
2021,STATE,MICHIGAN,26,STRAWBERRIES,ORGANIC - PRODUCTION,MEASURED IN CWT,NA,564,43.9
2021,STATE,MICHIGAN,26,STRAWBERRIES,ORGANIC - SALES,MEASURED IN $,NA,NA,44.1
2021,STATE,MICHIGAN,26,STRAWBERRIES,ORGANIC - SALES,MEASURED IN CWT,NA,564,43.9
2021,STATE,MICHIGAN,26,STRAWBERRIES,ORGANIC,FRESH MARKET - OPERATIONS WITH SALES,NA,26,32.5
2021,STATE,MICHIGAN,26,STRAWBERRIES,ORGANIC,FRESH MARKET - SALES,MEASURED IN $,NA,44.1
2021,STATE,MICHIGAN,26,STRAWBERRIES,ORGANIC,FRESH MARKET - SALES,MEASURED IN CWT,564,43.9
2021,STATE,MINNESOTA,27,STRAWBERRIES,ORGANIC - ACRES HARVESTED,NA,NA,19,45.8
2021,STATE,MINNESOTA,27,STRAWBERRIES,ORGANIC - OPERATIONS WITH AREA HARVESTED,NA,NA,21,39.5
2021,STATE,MINNESOTA,27,STRAWBERRIES,ORGANIC - OPERATIONS WITH SALES,NA,NA,21,39.5
2021,STATE,MINNESOTA,27,STRAWBERRIES,ORGANIC - PRODUCTION,MEASURED IN CWT,NA,749,54.0
2021,STATE,MINNESOTA,27,STRAWBERRIES,ORGANIC - SALES,MEASURED IN $,NA,NA,62.4
2021,STATE,MINNESOTA,27,STRAWBERRIES,ORGANIC - SALES,MEASURED IN CWT,NA,749,54.0
2021,STATE,MINNESOTA,27,STRAWBERRIES,ORGANIC,FRESH MARKET - OPERATIONS WITH SALES,NA,18,43.6
2021,STATE,MINNESOTA,27,STRAWBERRIES,ORGANIC,FRESH MARKET - SALES,MEASURED IN $,NA,(D)
2021,STATE,MINNESOTA,27,STRAWBERRIES,ORGANIC,FRESH MARKET - SALES,MEASURED IN CWT,659,62.9
2021,STATE,MINNESOTA,27,STRAWBERRIES,ORGANIC,PROCESSING - OPERATIONS WITH SALES,NA,3,95.4
2021,STATE,MINNESOTA,27,STRAWBERRIES,ORGANIC,PROCESSING - SALES,MEASURED IN $,NA,(D)
2021,STATE,MINNESOTA,27,STRAWBERRIES,ORGANIC,PROCESSING - SALES,MEASURED IN CWT,90,95.4
2021,STATE,MONTANA,30,STRAWBERRIES,ORGANIC - ACRES HARVESTED,NA,NA,5,71.5
2021,STATE,MONTANA,30,STRAWBERRIES,ORGANIC - OPERATIONS WITH AREA HARVESTED,NA,NA,11,43.6
2021,STATE,MONTANA,30,STRAWBERRIES,ORGANIC - OPERATIONS WITH SALES,NA,NA,11,43.6
2021,STATE,MONTANA,30,STRAWBERRIES,ORGANIC - PRODUCTION,MEASURED IN CWT,NA,96,73.5
2021,STATE,MONTANA,30,STRAWBERRIES,ORGANIC - SALES,MEASURED IN $,NA,NA,74.8
2021,STATE,MONTANA,30,STRAWBERRIES,ORGANIC - SALES,MEASURED IN CWT,NA,96,73.5
2021,STATE,MONTANA,30,STRAWBERRIES,ORGANIC,FRESH MARKET - OPERATIONS WITH SALES,NA,11,43.6
2021,STATE,MONTANA,30,STRAWBERRIES,ORGANIC,FRESH MARKET - SALES,MEASURED IN $,NA,74.8
2021,STATE,MONTANA,30,STRAWBERRIES,ORGANIC,FRESH MARKET - SALES,MEASURED IN CWT,96,73.5
2021,STATE,NEBRASKA,31,STRAWBERRIES,ORGANIC - ACRES HARVESTED,NA,NA,NA,(D)
2021,STATE,NEBRASKA,31,STRAWBERRIES,ORGANIC - OPERATIONS WITH AREA HARVESTED,NA,NA,1,(H)
2021,STATE,NEBRASKA,31,STRAWBERRIES,ORGANIC - OPERATIONS WITH SALES,NA,NA,1,(H)
2021,STATE,NEBRASKA,31,STRAWBERRIES,ORGANIC - PRODUCTION,MEASURED IN CWT,NA,NA,(D)
2021,STATE,NEBRASKA,31,STRAWBERRIES,ORGANIC - SALES,MEASURED IN $,NA,NA,(D)
2021,STATE,NEBRASKA,31,STRAWBERRIES,ORGANIC - SALES,MEASURED IN CWT,NA,NA,(D)
2021,STATE,NEBRASKA,31,STRAWBERRIES,ORGANIC,FRESH MARKET - OPERATIONS WITH SALES,NA,1,(H)
2021,STATE,NEBRASKA,31,STRAWBERRIES,ORGANIC,FRESH MARKET - SALES,MEASURED IN $,NA,(D)
2021,STATE,NEBRASKA,31,STRAWBERRIES,ORGANIC,FRESH MARKET - SALES,MEASURED IN CWT,NA,(D)
2021,STATE,NEW HAMPSHIRE,33,STRAWBERRIES,ORGANIC - ACRES HARVESTED,NA,NA,6,(H)
2021,STATE,NEW HAMPSHIRE,33,STRAWBERRIES,ORGANIC - OPERATIONS WITH AREA HARVESTED,NA,NA,9,58.7
2021,STATE,NEW HAMPSHIRE,33,STRAWBERRIES,ORGANIC - OPERATIONS WITH SALES,NA,NA,9,58.7
2021,STATE,NEW HAMPSHIRE,33,STRAWBERRIES,ORGANIC - PRODUCTION,MEASURED IN CWT,NA,132,(H)
2021,STATE,NEW HAMPSHIRE,33,STRAWBERRIES,ORGANIC - SALES,MEASURED IN $,NA,NA,(H)
2021,STATE,NEW HAMPSHIRE,33,STRAWBERRIES,ORGANIC - SALES,MEASURED IN CWT,NA,132,(H)
2021,STATE,NEW HAMPSHIRE,33,STRAWBERRIES,ORGANIC,FRESH MARKET - OPERATIONS WITH SALES,NA,9,58.7
2021,STATE,NEW HAMPSHIRE,33,STRAWBERRIES,ORGANIC,FRESH MARKET - SALES,MEASURED IN $,NA,(H)
2021,STATE,NEW HAMPSHIRE,33,STRAWBERRIES,ORGANIC,FRESH MARKET - SALES,MEASURED IN CWT,132,(H)
2021,STATE,NEW JERSEY,34,STRAWBERRIES,ORGANIC - ACRES HARVESTED,NA,NA,NA,(D)
2021,STATE,NEW JERSEY,34,STRAWBERRIES,ORGANIC - OPERATIONS WITH AREA HARVESTED,NA,NA,3,(H)
2021,STATE,NEW JERSEY,34,STRAWBERRIES,ORGANIC - OPERATIONS WITH SALES,NA,NA,3,(H)
2021,STATE,NEW JERSEY,34,STRAWBERRIES,ORGANIC - PRODUCTION,MEASURED IN CWT,NA,NA,(D)
2021,STATE,NEW JERSEY,34,STRAWBERRIES,ORGANIC - SALES,MEASURED IN $,NA,NA,(H)
2021,STATE,NEW JERSEY,34,STRAWBERRIES,ORGANIC - SALES,MEASURED IN CWT,NA,NA,(D)
2021,STATE,NEW JERSEY,34,STRAWBERRIES,ORGANIC,FRESH MARKET - OPERATIONS WITH SALES,NA,3,(H)
2021,STATE,NEW JERSEY,34,STRAWBERRIES,ORGANIC,FRESH MARKET - SALES,MEASURED IN $,NA,(H)
2021,STATE,NEW JERSEY,34,STRAWBERRIES,ORGANIC,FRESH MARKET - SALES,MEASURED IN CWT,NA,(D)
2021,STATE,NEW YORK,36,STRAWBERRIES,ORGANIC - ACRES HARVESTED,NA,NA,38,42.2
2021,STATE,NEW YORK,36,STRAWBERRIES,ORGANIC - OPERATIONS WITH AREA HARVESTED,NA,NA,45,26.4
2021,STATE,NEW YORK,36,STRAWBERRIES,ORGANIC - OPERATIONS WITH SALES,NA,NA,45,26.4
2021,STATE,NEW YORK,36,STRAWBERRIES,ORGANIC - PRODUCTION,MEASURED IN CWT,NA,NA,32.6
2021,STATE,NEW YORK,36,STRAWBERRIES,ORGANIC - SALES,MEASURED IN $,NA,NA,44.5
2021,STATE,NEW YORK,36,STRAWBERRIES,ORGANIC - SALES,MEASURED IN CWT,NA,NA,32.6
2021,STATE,NEW YORK,36,STRAWBERRIES,ORGANIC,FRESH MARKET - OPERATIONS WITH SALES,NA,43,25.3
2021,STATE,NEW YORK,36,STRAWBERRIES,ORGANIC,FRESH MARKET - SALES,MEASURED IN $,NA,(D)
2021,STATE,NEW YORK,36,STRAWBERRIES,ORGANIC,FRESH MARKET - SALES,MEASURED IN CWT,NA,(D)
2021,STATE,NEW YORK,36,STRAWBERRIES,ORGANIC,PROCESSING - OPERATIONS WITH SALES,NA,2,94.9
2021,STATE,NEW YORK,36,STRAWBERRIES,ORGANIC,PROCESSING - SALES,MEASURED IN $,NA,(D)
2021,STATE,NEW YORK,36,STRAWBERRIES,ORGANIC,PROCESSING - SALES,MEASURED IN CWT,NA,(D)
2021,STATE,NORTH CAROLINA,37,STRAWBERRIES,ORGANIC - ACRES HARVESTED,NA,NA,6,76.7
2021,STATE,NORTH CAROLINA,37,STRAWBERRIES,ORGANIC - OPERATIONS WITH AREA HARVESTED,NA,NA,4,68.3
2021,STATE,NORTH CAROLINA,37,STRAWBERRIES,ORGANIC - OPERATIONS WITH SALES,NA,NA,4,68.3
2021,STATE,NORTH CAROLINA,37,STRAWBERRIES,ORGANIC - PRODUCTION,MEASURED IN CWT,NA,734,89.2
2021,STATE,NORTH CAROLINA,37,STRAWBERRIES,ORGANIC - SALES,MEASURED IN $,NA,NA,(H)
2021,STATE,NORTH CAROLINA,37,STRAWBERRIES,ORGANIC - SALES,MEASURED IN CWT,NA,734,89.2
2021,STATE,NORTH CAROLINA,37,STRAWBERRIES,ORGANIC,FRESH MARKET - OPERATIONS WITH SALES,NA,4,68.3
2021,STATE,NORTH CAROLINA,37,STRAWBERRIES,ORGANIC,FRESH MARKET - SALES,MEASURED IN $,NA,(H)
2021,STATE,NORTH CAROLINA,37,STRAWBERRIES,ORGANIC,FRESH MARKET - SALES,MEASURED IN CWT,734,89.2
2021,STATE,OHIO,39,STRAWBERRIES,ORGANIC - ACRES HARVESTED,NA,NA,10,67.5
2021,STATE,OHIO,39,STRAWBERRIES,ORGANIC - OPERATIONS WITH AREA HARVESTED,NA,NA,9,72.1
2021,STATE,OHIO,39,STRAWBERRIES,ORGANIC - OPERATIONS WITH SALES,NA,NA,9,72.1
2021,STATE,OHIO,39,STRAWBERRIES,ORGANIC - PRODUCTION,MEASURED IN CWT,NA,360,68.4
2021,STATE,OHIO,39,STRAWBERRIES,ORGANIC - SALES,MEASURED IN $,NA,NA,69.2
2021,STATE,OHIO,39,STRAWBERRIES,ORGANIC - SALES,MEASURED IN CWT,NA,360,68.4
2021,STATE,OHIO,39,STRAWBERRIES,ORGANIC,FRESH MARKET - OPERATIONS WITH SALES,NA,9,72.1
2021,STATE,OHIO,39,STRAWBERRIES,ORGANIC,FRESH MARKET - SALES,MEASURED IN $,NA,69.2
2021,STATE,OHIO,39,STRAWBERRIES,ORGANIC,FRESH MARKET - SALES,MEASURED IN CWT,360,68.4
2021,STATE,OKLAHOMA,40,STRAWBERRIES,ORGANIC - ACRES HARVESTED,NA,NA,NA,(D)
2021,STATE,OKLAHOMA,40,STRAWBERRIES,ORGANIC - OPERATIONS WITH AREA HARVESTED,NA,NA,4,70.4
2021,STATE,OKLAHOMA,40,STRAWBERRIES,ORGANIC - OPERATIONS WITH SALES,NA,NA,4,70.4
2021,STATE,OKLAHOMA,40,STRAWBERRIES,ORGANIC - PRODUCTION,MEASURED IN CWT,NA,NA,69.9
2021,STATE,OKLAHOMA,40,STRAWBERRIES,ORGANIC - SALES,MEASURED IN $,NA,NA,(D)
2021,STATE,OKLAHOMA,40,STRAWBERRIES,ORGANIC - SALES,MEASURED IN CWT,NA,NA,69.9
2021,STATE,OKLAHOMA,40,STRAWBERRIES,ORGANIC,FRESH MARKET - OPERATIONS WITH SALES,NA,4,70.4
2021,STATE,OKLAHOMA,40,STRAWBERRIES,ORGANIC,FRESH MARKET - SALES,MEASURED IN $,NA,(D)
2021,STATE,OKLAHOMA,40,STRAWBERRIES,ORGANIC,FRESH MARKET - SALES,MEASURED IN CWT,NA,69.9
2021,STATE,OREGON,41,STRAWBERRIES,ORGANIC - ACRES HARVESTED,NA,NA,27,(H)
2021,STATE,OREGON,41,STRAWBERRIES,ORGANIC - OPERATIONS WITH AREA HARVESTED,NA,NA,26,54.2
2021,STATE,OREGON,41,STRAWBERRIES,ORGANIC - OPERATIONS WITH SALES,NA,NA,26,54.2
2021,STATE,OREGON,41,STRAWBERRIES,ORGANIC - PRODUCTION,MEASURED IN CWT,NA,NA,84.2
2021,STATE,OREGON,41,STRAWBERRIES,ORGANIC - SALES,MEASURED IN $,NA,NA,(H)
2021,STATE,OREGON,41,STRAWBERRIES,ORGANIC - SALES,MEASURED IN CWT,NA,NA,84.2
2021,STATE,OREGON,41,STRAWBERRIES,ORGANIC,FRESH MARKET - OPERATIONS WITH SALES,NA,26,54.2
2021,STATE,OREGON,41,STRAWBERRIES,ORGANIC,FRESH MARKET - SALES,MEASURED IN $,NA,(H)
2021,STATE,OREGON,41,STRAWBERRIES,ORGANIC,FRESH MARKET - SALES,MEASURED IN CWT,NA,84.2
2021,STATE,PENNSYLVANIA,42,STRAWBERRIES,ORGANIC - ACRES HARVESTED,NA,NA,8,45.7
2021,STATE,PENNSYLVANIA,42,STRAWBERRIES,ORGANIC - OPERATIONS WITH AREA HARVESTED,NA,NA,27,48.1
2021,STATE,PENNSYLVANIA,42,STRAWBERRIES,ORGANIC - OPERATIONS WITH SALES,NA,NA,27,48.1
2021,STATE,PENNSYLVANIA,42,STRAWBERRIES,ORGANIC - PRODUCTION,MEASURED IN CWT,NA,522,49.0
2021,STATE,PENNSYLVANIA,42,STRAWBERRIES,ORGANIC - SALES,MEASURED IN $,NA,NA,43.7
2021,STATE,PENNSYLVANIA,42,STRAWBERRIES,ORGANIC - SALES,MEASURED IN CWT,NA,522,49.0
2021,STATE,PENNSYLVANIA,42,STRAWBERRIES,ORGANIC,FRESH MARKET - OPERATIONS WITH SALES,NA,27,48.1
2021,STATE,PENNSYLVANIA,42,STRAWBERRIES,ORGANIC,FRESH MARKET - SALES,MEASURED IN $,NA,43.7
2021,STATE,PENNSYLVANIA,42,STRAWBERRIES,ORGANIC,FRESH MARKET - SALES,MEASURED IN CWT,522,49.0
2021,STATE,RHODE ISLAND,44,STRAWBERRIES,ORGANIC - ACRES HARVESTED,NA,NA,NA,(D)
2021,STATE,RHODE ISLAND,44,STRAWBERRIES,ORGANIC - OPERATIONS WITH AREA HARVESTED,NA,NA,2,(H)
2021,STATE,RHODE ISLAND,44,STRAWBERRIES,ORGANIC - OPERATIONS WITH SALES,NA,NA,2,(H)
2021,STATE,RHODE ISLAND,44,STRAWBERRIES,ORGANIC - PRODUCTION,MEASURED IN CWT,NA,NA,(D)
2021,STATE,RHODE ISLAND,44,STRAWBERRIES,ORGANIC - SALES,MEASURED IN $,NA,NA,(D)
2021,STATE,RHODE ISLAND,44,STRAWBERRIES,ORGANIC - SALES,MEASURED IN CWT,NA,NA,(D)
2021,STATE,RHODE ISLAND,44,STRAWBERRIES,ORGANIC,FRESH MARKET - OPERATIONS WITH SALES,NA,2,(H)
2021,STATE,RHODE ISLAND,44,STRAWBERRIES,ORGANIC,FRESH MARKET - SALES,MEASURED IN $,NA,(D)
2021,STATE,RHODE ISLAND,44,STRAWBERRIES,ORGANIC,FRESH MARKET - SALES,MEASURED IN CWT,NA,(D)
2021,STATE,SOUTH CAROLINA,45,STRAWBERRIES,ORGANIC - ACRES HARVESTED,NA,NA,NA,(D)
2021,STATE,SOUTH CAROLINA,45,STRAWBERRIES,ORGANIC - OPERATIONS WITH AREA HARVESTED,NA,NA,2,(H)
2021,STATE,SOUTH CAROLINA,45,STRAWBERRIES,ORGANIC - OPERATIONS WITH SALES,NA,NA,2,(H)
2021,STATE,SOUTH CAROLINA,45,STRAWBERRIES,ORGANIC - PRODUCTION,MEASURED IN CWT,NA,NA,(D)
2021,STATE,SOUTH CAROLINA,45,STRAWBERRIES,ORGANIC - SALES,MEASURED IN $,NA,NA,(D)
2021,STATE,SOUTH CAROLINA,45,STRAWBERRIES,ORGANIC - SALES,MEASURED IN CWT,NA,NA,(D)
2021,STATE,SOUTH CAROLINA,45,STRAWBERRIES,ORGANIC,FRESH MARKET - OPERATIONS WITH SALES,NA,2,(H)
2021,STATE,SOUTH CAROLINA,45,STRAWBERRIES,ORGANIC,FRESH MARKET - SALES,MEASURED IN $,NA,(D)
2021,STATE,SOUTH CAROLINA,45,STRAWBERRIES,ORGANIC,FRESH MARKET - SALES,MEASURED IN CWT,NA,(D)
2021,STATE,SOUTH DAKOTA,46,STRAWBERRIES,ORGANIC - ACRES HARVESTED,NA,NA,NA,(D)
2021,STATE,SOUTH DAKOTA,46,STRAWBERRIES,ORGANIC - OPERATIONS WITH AREA HARVESTED,NA,NA,1,(H)
2021,STATE,SOUTH DAKOTA,46,STRAWBERRIES,ORGANIC - OPERATIONS WITH SALES,NA,NA,1,(H)
2021,STATE,SOUTH DAKOTA,46,STRAWBERRIES,ORGANIC - PRODUCTION,MEASURED IN CWT,NA,NA,(D)
2021,STATE,SOUTH DAKOTA,46,STRAWBERRIES,ORGANIC - SALES,MEASURED IN $,NA,NA,(D)
2021,STATE,SOUTH DAKOTA,46,STRAWBERRIES,ORGANIC - SALES,MEASURED IN CWT,NA,NA,(D)
2021,STATE,SOUTH DAKOTA,46,STRAWBERRIES,ORGANIC,FRESH MARKET - OPERATIONS WITH SALES,NA,1,(H)
2021,STATE,SOUTH DAKOTA,46,STRAWBERRIES,ORGANIC,FRESH MARKET - SALES,MEASURED IN $,NA,(D)
2021,STATE,SOUTH DAKOTA,46,STRAWBERRIES,ORGANIC,FRESH MARKET - SALES,MEASURED IN CWT,NA,(D)
2021,STATE,TENNESSEE,47,STRAWBERRIES,ORGANIC - ACRES HARVESTED,NA,NA,NA,(D)
2021,STATE,TENNESSEE,47,STRAWBERRIES,ORGANIC - OPERATIONS WITH AREA HARVESTED,NA,NA,1,(H)
2021,STATE,TENNESSEE,47,STRAWBERRIES,ORGANIC - OPERATIONS WITH SALES,NA,NA,1,(H)
2021,STATE,TENNESSEE,47,STRAWBERRIES,ORGANIC - PRODUCTION,MEASURED IN CWT,NA,NA,(D)
2021,STATE,TENNESSEE,47,STRAWBERRIES,ORGANIC - SALES,MEASURED IN $,NA,NA,(D)
2021,STATE,TENNESSEE,47,STRAWBERRIES,ORGANIC - SALES,MEASURED IN CWT,NA,NA,(D)
2021,STATE,TENNESSEE,47,STRAWBERRIES,ORGANIC,FRESH MARKET - OPERATIONS WITH SALES,NA,1,(H)
2021,STATE,TENNESSEE,47,STRAWBERRIES,ORGANIC,FRESH MARKET - SALES,MEASURED IN $,NA,(D)
2021,STATE,TENNESSEE,47,STRAWBERRIES,ORGANIC,FRESH MARKET - SALES,MEASURED IN CWT,NA,(D)
2021,STATE,VERMONT,50,STRAWBERRIES,ORGANIC - ACRES HARVESTED,NA,NA,33,43.3
2021,STATE,VERMONT,50,STRAWBERRIES,ORGANIC - OPERATIONS WITH AREA HARVESTED,NA,NA,31,38.8
2021,STATE,VERMONT,50,STRAWBERRIES,ORGANIC - OPERATIONS WITH SALES,NA,NA,31,38.8
2021,STATE,VERMONT,50,STRAWBERRIES,ORGANIC - PRODUCTION,MEASURED IN CWT,NA,NA,39.1
2021,STATE,VERMONT,50,STRAWBERRIES,ORGANIC - SALES,MEASURED IN $,NA,NA,49.7
2021,STATE,VERMONT,50,STRAWBERRIES,ORGANIC - SALES,MEASURED IN CWT,NA,NA,39.1
2021,STATE,VERMONT,50,STRAWBERRIES,ORGANIC,FRESH MARKET - OPERATIONS WITH SALES,NA,31,38.8
2021,STATE,VERMONT,50,STRAWBERRIES,ORGANIC,FRESH MARKET - SALES,MEASURED IN $,NA,49.7
2021,STATE,VERMONT,50,STRAWBERRIES,ORGANIC,FRESH MARKET - SALES,MEASURED IN CWT,NA,39.1
2021,STATE,WASHINGTON,53,STRAWBERRIES,ORGANIC - ACRES HARVESTED,NA,NA,40,41.1
2021,STATE,WASHINGTON,53,STRAWBERRIES,ORGANIC - OPERATIONS WITH AREA HARVESTED,NA,NA,49,25.1
2021,STATE,WASHINGTON,53,STRAWBERRIES,ORGANIC - OPERATIONS WITH SALES,NA,NA,49,25.1
2021,STATE,WASHINGTON,53,STRAWBERRIES,ORGANIC - PRODUCTION,MEASURED IN CWT,NA,NA,53.4
2021,STATE,WASHINGTON,53,STRAWBERRIES,ORGANIC - SALES,MEASURED IN $,NA,NA,54.0
2021,STATE,WASHINGTON,53,STRAWBERRIES,ORGANIC - SALES,MEASURED IN CWT,NA,NA,53.4
2021,STATE,WASHINGTON,53,STRAWBERRIES,ORGANIC,FRESH MARKET - OPERATIONS WITH SALES,NA,49,25.1
2021,STATE,WASHINGTON,53,STRAWBERRIES,ORGANIC,FRESH MARKET - SALES,MEASURED IN $,NA,53.8
2021,STATE,WASHINGTON,53,STRAWBERRIES,ORGANIC,FRESH MARKET - SALES,MEASURED IN CWT,NA,54.0
2021,STATE,WASHINGTON,53,STRAWBERRIES,ORGANIC,PROCESSING - OPERATIONS WITH SALES,NA,4,73.0
2021,STATE,WASHINGTON,53,STRAWBERRIES,ORGANIC,PROCESSING - SALES,MEASURED IN $,NA,93.9
2021,STATE,WASHINGTON,53,STRAWBERRIES,ORGANIC,PROCESSING - SALES,MEASURED IN CWT,80,82.3
2021,STATE,WEST VIRGINIA,54,STRAWBERRIES,ORGANIC - ACRES HARVESTED,NA,NA,NA,(D)
2021,STATE,WEST VIRGINIA,54,STRAWBERRIES,ORGANIC - OPERATIONS WITH AREA HARVESTED,NA,NA,2,(H)
2021,STATE,WEST VIRGINIA,54,STRAWBERRIES,ORGANIC - OPERATIONS WITH SALES,NA,NA,2,(H)
2021,STATE,WEST VIRGINIA,54,STRAWBERRIES,ORGANIC - PRODUCTION,MEASURED IN CWT,NA,NA,(D)
2021,STATE,WEST VIRGINIA,54,STRAWBERRIES,ORGANIC - SALES,MEASURED IN $,NA,NA,(D)
2021,STATE,WEST VIRGINIA,54,STRAWBERRIES,ORGANIC - SALES,MEASURED IN CWT,NA,NA,(D)
2021,STATE,WEST VIRGINIA,54,STRAWBERRIES,ORGANIC,FRESH MARKET - OPERATIONS WITH SALES,NA,2,(H)
2021,STATE,WEST VIRGINIA,54,STRAWBERRIES,ORGANIC,FRESH MARKET - SALES,MEASURED IN $,NA,(D)
2021,STATE,WEST VIRGINIA,54,STRAWBERRIES,ORGANIC,FRESH MARKET - SALES,MEASURED IN CWT,NA,(D)
2021,STATE,WISCONSIN,55,STRAWBERRIES,ORGANIC - ACRES HARVESTED,NA,NA,19,73.6
2021,STATE,WISCONSIN,55,STRAWBERRIES,ORGANIC - OPERATIONS WITH AREA HARVESTED,NA,NA,28,31.3
2021,STATE,WISCONSIN,55,STRAWBERRIES,ORGANIC - OPERATIONS WITH SALES,NA,NA,28,31.3
2021,STATE,WISCONSIN,55,STRAWBERRIES,ORGANIC - PRODUCTION,MEASURED IN CWT,NA,426,82.8
2021,STATE,WISCONSIN,55,STRAWBERRIES,ORGANIC - SALES,MEASURED IN $,NA,NA,76.4
2021,STATE,WISCONSIN,55,STRAWBERRIES,ORGANIC - SALES,MEASURED IN CWT,NA,426,82.8
2021,STATE,WISCONSIN,55,STRAWBERRIES,ORGANIC,FRESH MARKET - OPERATIONS WITH SALES,NA,28,31.3
2021,STATE,WISCONSIN,55,STRAWBERRIES,ORGANIC,FRESH MARKET - SALES,MEASURED IN $,NA,76.4
2021,STATE,WISCONSIN,55,STRAWBERRIES,ORGANIC,FRESH MARKET - SALES,MEASURED IN CWT,426,82.8
2019,NATIONAL,US TOTAL,NA,STRAWBERRIES,ORGANIC - ACRES HARVESTED,NA,NA,NA,22.4
2019,NATIONAL,US TOTAL,NA,STRAWBERRIES,ORGANIC - OPERATIONS WITH AREA HARVESTED,NA,NA,580,2.7
2019,NATIONAL,US TOTAL,NA,STRAWBERRIES,ORGANIC - OPERATIONS WITH SALES,NA,NA,580,2.7
2019,NATIONAL,US TOTAL,NA,STRAWBERRIES,ORGANIC - PRODUCTION,MEASURED IN CWT,NA,NA,28.5
2019,NATIONAL,US TOTAL,NA,STRAWBERRIES,ORGANIC - SALES,MEASURED IN $,NA,NA,30.4
2019,NATIONAL,US TOTAL,NA,STRAWBERRIES,ORGANIC - SALES,MEASURED IN CWT,NA,NA,28.5
2019,NATIONAL,US TOTAL,NA,STRAWBERRIES,ORGANIC,FRESH MARKET - OPERATIONS WITH SALES,NA,568,2.8
2019,NATIONAL,US TOTAL,NA,STRAWBERRIES,ORGANIC,FRESH MARKET - SALES,MEASURED IN $,NA,33.0
2019,NATIONAL,US TOTAL,NA,STRAWBERRIES,ORGANIC,FRESH MARKET - SALES,MEASURED IN CWT,NA,31.8
2019,NATIONAL,US TOTAL,NA,STRAWBERRIES,ORGANIC,PROCESSING - OPERATIONS WITH SALES,NA,30,34.8
2019,NATIONAL,US TOTAL,NA,STRAWBERRIES,ORGANIC,PROCESSING - SALES,MEASURED IN $,NA,67.1
2019,NATIONAL,US TOTAL,NA,STRAWBERRIES,ORGANIC,PROCESSING - SALES,MEASURED IN CWT,NA,48.8
2019,STATE,ALABAMA,01,STRAWBERRIES,ORGANIC - ACRES HARVESTED,NA,NA,NA,(D)
2019,STATE,ALABAMA,01,STRAWBERRIES,ORGANIC - OPERATIONS WITH AREA HARVESTED,NA,NA,2,30.4
2019,STATE,ALABAMA,01,STRAWBERRIES,ORGANIC - OPERATIONS WITH SALES,NA,NA,2,30.4
2019,STATE,ALABAMA,01,STRAWBERRIES,ORGANIC - PRODUCTION,MEASURED IN CWT,NA,NA,(D)
2019,STATE,ALABAMA,01,STRAWBERRIES,ORGANIC - SALES,MEASURED IN $,NA,NA,(D)
2019,STATE,ALABAMA,01,STRAWBERRIES,ORGANIC - SALES,MEASURED IN CWT,NA,NA,(D)
2019,STATE,ALABAMA,01,STRAWBERRIES,ORGANIC,FRESH MARKET - OPERATIONS WITH SALES,NA,2,30.4
2019,STATE,ALABAMA,01,STRAWBERRIES,ORGANIC,FRESH MARKET - SALES,MEASURED IN $,NA,(D)
2019,STATE,ALABAMA,01,STRAWBERRIES,ORGANIC,FRESH MARKET - SALES,MEASURED IN CWT,NA,(D)
2019,STATE,ALABAMA,01,STRAWBERRIES,ORGANIC,PROCESSING - OPERATIONS WITH SALES,NA,2,(H)
2019,STATE,ALABAMA,01,STRAWBERRIES,ORGANIC,PROCESSING - SALES,MEASURED IN $,NA,(D)
2019,STATE,ALABAMA,01,STRAWBERRIES,ORGANIC,PROCESSING - SALES,MEASURED IN CWT,NA,(D)
2019,STATE,ARIZONA,04,STRAWBERRIES,ORGANIC - ACRES HARVESTED,NA,NA,NA,(D)
2019,STATE,ARIZONA,04,STRAWBERRIES,ORGANIC - OPERATIONS WITH AREA HARVESTED,NA,NA,2,(H)
2019,STATE,ARIZONA,04,STRAWBERRIES,ORGANIC - OPERATIONS WITH SALES,NA,NA,2,(H)
2019,STATE,ARIZONA,04,STRAWBERRIES,ORGANIC - PRODUCTION,MEASURED IN CWT,NA,NA,(D)
2019,STATE,ARIZONA,04,STRAWBERRIES,ORGANIC - SALES,MEASURED IN $,NA,NA,(D)
2019,STATE,ARIZONA,04,STRAWBERRIES,ORGANIC - SALES,MEASURED IN CWT,NA,NA,(D)
2019,STATE,ARIZONA,04,STRAWBERRIES,ORGANIC,FRESH MARKET - OPERATIONS WITH SALES,NA,2,(H)
2019,STATE,ARIZONA,04,STRAWBERRIES,ORGANIC,FRESH MARKET - SALES,MEASURED IN $,NA,(D)
2019,STATE,ARIZONA,04,STRAWBERRIES,ORGANIC,FRESH MARKET - SALES,MEASURED IN CWT,NA,(D)
2019,STATE,CALIFORNIA,06,STRAWBERRIES,ORGANIC - ACRES HARVESTED,NA,NA,NA,28.7
2019,STATE,CALIFORNIA,06,STRAWBERRIES,ORGANIC - OPERATIONS WITH AREA HARVESTED,NA,NA,174,8.0
2019,STATE,CALIFORNIA,06,STRAWBERRIES,ORGANIC - OPERATIONS WITH SALES,NA,NA,174,8.0
2019,STATE,CALIFORNIA,06,STRAWBERRIES,ORGANIC - PRODUCTION,MEASURED IN CWT,NA,NA,30.4
2019,STATE,CALIFORNIA,06,STRAWBERRIES,ORGANIC - SALES,MEASURED IN $,NA,NA,33.1
2019,STATE,CALIFORNIA,06,STRAWBERRIES,ORGANIC - SALES,MEASURED IN CWT,NA,NA,30.4
2019,STATE,CALIFORNIA,06,STRAWBERRIES,ORGANIC,FRESH MARKET - OPERATIONS WITH SALES,NA,170,8.0
2019,STATE,CALIFORNIA,06,STRAWBERRIES,ORGANIC,FRESH MARKET - SALES,MEASURED IN $,NA,35.5
2019,STATE,CALIFORNIA,06,STRAWBERRIES,ORGANIC,FRESH MARKET - SALES,MEASURED IN CWT,NA,33.7
2019,STATE,CALIFORNIA,06,STRAWBERRIES,ORGANIC,PROCESSING - OPERATIONS WITH SALES,NA,15,39.7
2019,STATE,CALIFORNIA,06,STRAWBERRIES,ORGANIC,PROCESSING - SALES,MEASURED IN $,NA,68.3
2019,STATE,CALIFORNIA,06,STRAWBERRIES,ORGANIC,PROCESSING - SALES,MEASURED IN CWT,NA,49.3
2019,STATE,COLORADO,08,STRAWBERRIES,ORGANIC - ACRES HARVESTED,NA,NA,1,45.6
2019,STATE,COLORADO,08,STRAWBERRIES,ORGANIC - OPERATIONS WITH AREA HARVESTED,NA,NA,4,47.2
2019,STATE,COLORADO,08,STRAWBERRIES,ORGANIC - OPERATIONS WITH SALES,NA,NA,4,47.2
2019,STATE,COLORADO,08,STRAWBERRIES,ORGANIC - PRODUCTION,MEASURED IN CWT,NA,62,52.1
2019,STATE,COLORADO,08,STRAWBERRIES,ORGANIC - SALES,MEASURED IN $,NA,NA,59.1
2019,STATE,COLORADO,08,STRAWBERRIES,ORGANIC - SALES,MEASURED IN CWT,NA,62,52.1
2019,STATE,COLORADO,08,STRAWBERRIES,ORGANIC,FRESH MARKET - OPERATIONS WITH SALES,NA,4,47.2
2019,STATE,COLORADO,08,STRAWBERRIES,ORGANIC,FRESH MARKET - SALES,MEASURED IN $,NA,59.1
2019,STATE,COLORADO,08,STRAWBERRIES,ORGANIC,FRESH MARKET - SALES,MEASURED IN CWT,62,52.1
2019,STATE,CONNECTICUT,09,STRAWBERRIES,ORGANIC - ACRES HARVESTED,NA,NA,4,36.7
2019,STATE,CONNECTICUT,09,STRAWBERRIES,ORGANIC - OPERATIONS WITH AREA HARVESTED,NA,NA,11,15.7
2019,STATE,CONNECTICUT,09,STRAWBERRIES,ORGANIC - OPERATIONS WITH SALES,NA,NA,11,15.7
2019,STATE,CONNECTICUT,09,STRAWBERRIES,ORGANIC - PRODUCTION,MEASURED IN CWT,NA,181,33.3
2019,STATE,CONNECTICUT,09,STRAWBERRIES,ORGANIC - SALES,MEASURED IN $,NA,NA,35.4
2019,STATE,CONNECTICUT,09,STRAWBERRIES,ORGANIC - SALES,MEASURED IN CWT,NA,177,33.4
2019,STATE,CONNECTICUT,09,STRAWBERRIES,ORGANIC,FRESH MARKET - OPERATIONS WITH SALES,NA,11,15.7
2019,STATE,CONNECTICUT,09,STRAWBERRIES,ORGANIC,FRESH MARKET - SALES,MEASURED IN $,NA,36.0
2019,STATE,CONNECTICUT,09,STRAWBERRIES,ORGANIC,FRESH MARKET - SALES,MEASURED IN CWT,177,33.8
2019,STATE,FLORIDA,12,STRAWBERRIES,ORGANIC - ACRES HARVESTED,NA,NA,680,79.0
2019,STATE,FLORIDA,12,STRAWBERRIES,ORGANIC - OPERATIONS WITH AREA HARVESTED,NA,NA,14,30.4
2019,STATE,FLORIDA,12,STRAWBERRIES,ORGANIC - OPERATIONS WITH SALES,NA,NA,14,30.4
2019,STATE,FLORIDA,12,STRAWBERRIES,ORGANIC - PRODUCTION,MEASURED IN CWT,NA,NA,76.3
2019,STATE,FLORIDA,12,STRAWBERRIES,ORGANIC - SALES,MEASURED IN $,NA,NA,83.4
2019,STATE,FLORIDA,12,STRAWBERRIES,ORGANIC - SALES,MEASURED IN CWT,NA,NA,76.3
2019,STATE,FLORIDA,12,STRAWBERRIES,ORGANIC,FRESH MARKET - OPERATIONS WITH SALES,NA,14,30.4
2019,STATE,FLORIDA,12,STRAWBERRIES,ORGANIC,FRESH MARKET - SALES,MEASURED IN $,NA,83.4
2019,STATE,FLORIDA,12,STRAWBERRIES,ORGANIC,FRESH MARKET - SALES,MEASURED IN CWT,NA,76.3
2019,STATE,GEORGIA,13,STRAWBERRIES,ORGANIC - ACRES HARVESTED,NA,NA,NA,(D)
2019,STATE,GEORGIA,13,STRAWBERRIES,ORGANIC - OPERATIONS WITH AREA HARVESTED,NA,NA,8,30.4
2019,STATE,GEORGIA,13,STRAWBERRIES,ORGANIC - OPERATIONS WITH SALES,NA,NA,8,30.4
2019,STATE,GEORGIA,13,STRAWBERRIES,ORGANIC - PRODUCTION,MEASURED IN CWT,NA,NA,76.3
2019,STATE,GEORGIA,13,STRAWBERRIES,ORGANIC - SALES,MEASURED IN $,NA,NA,(D)
2019,STATE,GEORGIA,13,STRAWBERRIES,ORGANIC - SALES,MEASURED IN CWT,NA,NA,76.3
2019,STATE,GEORGIA,13,STRAWBERRIES,ORGANIC,FRESH MARKET - OPERATIONS WITH SALES,NA,8,30.4
2019,STATE,GEORGIA,13,STRAWBERRIES,ORGANIC,FRESH MARKET - SALES,MEASURED IN $,NA,(D)
2019,STATE,GEORGIA,13,STRAWBERRIES,ORGANIC,FRESH MARKET - SALES,MEASURED IN CWT,NA,76.3
2019,STATE,IDAHO,16,STRAWBERRIES,ORGANIC - ACRES HARVESTED,NA,NA,4,(H)
2019,STATE,IDAHO,16,STRAWBERRIES,ORGANIC - OPERATIONS WITH AREA HARVESTED,NA,NA,6,42.5
2019,STATE,IDAHO,16,STRAWBERRIES,ORGANIC - OPERATIONS WITH SALES,NA,NA,6,42.5
2019,STATE,IDAHO,16,STRAWBERRIES,ORGANIC - PRODUCTION,MEASURED IN CWT,NA,100,(H)
2019,STATE,IDAHO,16,STRAWBERRIES,ORGANIC - SALES,MEASURED IN $,NA,NA,(H)
2019,STATE,IDAHO,16,STRAWBERRIES,ORGANIC - SALES,MEASURED IN CWT,NA,100,(H)
2019,STATE,IDAHO,16,STRAWBERRIES,ORGANIC,FRESH MARKET - OPERATIONS WITH SALES,NA,6,39.8
2019,STATE,IDAHO,16,STRAWBERRIES,ORGANIC,FRESH MARKET - SALES,MEASURED IN $,NA,59.6
2019,STATE,IDAHO,16,STRAWBERRIES,ORGANIC,FRESH MARKET - SALES,MEASURED IN CWT,100,38.9
2019,STATE,ILLINOIS,17,STRAWBERRIES,ORGANIC - ACRES HARVESTED,NA,NA,NA,(D)
2019,STATE,ILLINOIS,17,STRAWBERRIES,ORGANIC - OPERATIONS WITH AREA HARVESTED,NA,NA,2,24.6
2019,STATE,ILLINOIS,17,STRAWBERRIES,ORGANIC - OPERATIONS WITH SALES,NA,NA,2,24.6
2019,STATE,ILLINOIS,17,STRAWBERRIES,ORGANIC - PRODUCTION,MEASURED IN CWT,NA,NA,(D)
2019,STATE,ILLINOIS,17,STRAWBERRIES,ORGANIC - SALES,MEASURED IN $,NA,NA,(D)
2019,STATE,ILLINOIS,17,STRAWBERRIES,ORGANIC - SALES,MEASURED IN CWT,NA,NA,(D)
2019,STATE,ILLINOIS,17,STRAWBERRIES,ORGANIC,FRESH MARKET - OPERATIONS WITH SALES,NA,2,24.6
2019,STATE,ILLINOIS,17,STRAWBERRIES,ORGANIC,FRESH MARKET - SALES,MEASURED IN $,NA,(D)
2019,STATE,ILLINOIS,17,STRAWBERRIES,ORGANIC,FRESH MARKET - SALES,MEASURED IN CWT,NA,(D)
2019,STATE,INDIANA,18,STRAWBERRIES,ORGANIC - ACRES HARVESTED,NA,NA,11,61.3
2019,STATE,INDIANA,18,STRAWBERRIES,ORGANIC - OPERATIONS WITH AREA HARVESTED,NA,NA,5,24.6
2019,STATE,INDIANA,18,STRAWBERRIES,ORGANIC - OPERATIONS WITH SALES,NA,NA,5,24.6
2019,STATE,INDIANA,18,STRAWBERRIES,ORGANIC - PRODUCTION,MEASURED IN CWT,NA,288,56.2
2019,STATE,INDIANA,18,STRAWBERRIES,ORGANIC - SALES,MEASURED IN $,NA,NA,59.9
2019,STATE,INDIANA,18,STRAWBERRIES,ORGANIC - SALES,MEASURED IN CWT,NA,288,56.2
2019,STATE,INDIANA,18,STRAWBERRIES,ORGANIC,FRESH MARKET - OPERATIONS WITH SALES,NA,5,24.6
2019,STATE,INDIANA,18,STRAWBERRIES,ORGANIC,FRESH MARKET - SALES,MEASURED IN $,NA,59.9
2019,STATE,INDIANA,18,STRAWBERRIES,ORGANIC,FRESH MARKET - SALES,MEASURED IN CWT,288,56.2
2019,STATE,IOWA,19,STRAWBERRIES,ORGANIC - ACRES HARVESTED,NA,NA,NA,(D)
2019,STATE,IOWA,19,STRAWBERRIES,ORGANIC - OPERATIONS WITH AREA HARVESTED,NA,NA,8,38.0
2019,STATE,IOWA,19,STRAWBERRIES,ORGANIC - OPERATIONS WITH SALES,NA,NA,8,38.0
2019,STATE,IOWA,19,STRAWBERRIES,ORGANIC - PRODUCTION,MEASURED IN CWT,NA,70,59.2
2019,STATE,IOWA,19,STRAWBERRIES,ORGANIC - SALES,MEASURED IN $,NA,NA,66.6
2019,STATE,IOWA,19,STRAWBERRIES,ORGANIC - SALES,MEASURED IN CWT,NA,70,59.2
2019,STATE,IOWA,19,STRAWBERRIES,ORGANIC,FRESH MARKET - OPERATIONS WITH SALES,NA,8,38.0
2019,STATE,IOWA,19,STRAWBERRIES,ORGANIC,FRESH MARKET - SALES,MEASURED IN $,NA,66.6
2019,STATE,IOWA,19,STRAWBERRIES,ORGANIC,FRESH MARKET - SALES,MEASURED IN CWT,70,59.2
2019,STATE,KANSAS,20,STRAWBERRIES,ORGANIC - ACRES HARVESTED,NA,NA,NA,(D)
2019,STATE,KANSAS,20,STRAWBERRIES,ORGANIC - OPERATIONS WITH AREA HARVESTED,NA,NA,1,69.8
2019,STATE,KANSAS,20,STRAWBERRIES,ORGANIC - OPERATIONS WITH SALES,NA,NA,1,69.8
2019,STATE,KANSAS,20,STRAWBERRIES,ORGANIC - PRODUCTION,MEASURED IN CWT,NA,NA,(D)
2019,STATE,KANSAS,20,STRAWBERRIES,ORGANIC - SALES,MEASURED IN $,NA,NA,(D)
2019,STATE,KANSAS,20,STRAWBERRIES,ORGANIC - SALES,MEASURED IN CWT,NA,NA,(D)
2019,STATE,KANSAS,20,STRAWBERRIES,ORGANIC,FRESH MARKET - OPERATIONS WITH SALES,NA,1,69.8
2019,STATE,KANSAS,20,STRAWBERRIES,ORGANIC,FRESH MARKET - SALES,MEASURED IN $,NA,(D)
2019,STATE,KANSAS,20,STRAWBERRIES,ORGANIC,FRESH MARKET - SALES,MEASURED IN CWT,NA,(D)
2019,STATE,KENTUCKY,21,STRAWBERRIES,ORGANIC - ACRES HARVESTED,NA,NA,1,94.6
2019,STATE,KENTUCKY,21,STRAWBERRIES,ORGANIC - OPERATIONS WITH AREA HARVESTED,NA,NA,4,43.9
2019,STATE,KENTUCKY,21,STRAWBERRIES,ORGANIC - OPERATIONS WITH SALES,NA,NA,4,43.9
2019,STATE,KENTUCKY,21,STRAWBERRIES,ORGANIC - PRODUCTION,MEASURED IN CWT,NA,40,94.1
2019,STATE,KENTUCKY,21,STRAWBERRIES,ORGANIC - SALES,MEASURED IN $,NA,NA,75.2
2019,STATE,KENTUCKY,21,STRAWBERRIES,ORGANIC - SALES,MEASURED IN CWT,NA,40,94.1
2019,STATE,KENTUCKY,21,STRAWBERRIES,ORGANIC,FRESH MARKET - OPERATIONS WITH SALES,NA,4,43.9
2019,STATE,KENTUCKY,21,STRAWBERRIES,ORGANIC,FRESH MARKET - SALES,MEASURED IN $,NA,75.2
2019,STATE,KENTUCKY,21,STRAWBERRIES,ORGANIC,FRESH MARKET - SALES,MEASURED IN CWT,40,94.1
2019,STATE,LOUISIANA,22,STRAWBERRIES,ORGANIC - ACRES HARVESTED,NA,NA,NA,(D)
2019,STATE,LOUISIANA,22,STRAWBERRIES,ORGANIC - OPERATIONS WITH AREA HARVESTED,NA,NA,1,30.4
2019,STATE,LOUISIANA,22,STRAWBERRIES,ORGANIC - OPERATIONS WITH SALES,NA,NA,1,30.4
2019,STATE,LOUISIANA,22,STRAWBERRIES,ORGANIC - PRODUCTION,MEASURED IN CWT,NA,NA,(D)
2019,STATE,LOUISIANA,22,STRAWBERRIES,ORGANIC - SALES,MEASURED IN $,NA,NA,(D)
2019,STATE,LOUISIANA,22,STRAWBERRIES,ORGANIC - SALES,MEASURED IN CWT,NA,NA,(D)
2019,STATE,LOUISIANA,22,STRAWBERRIES,ORGANIC,FRESH MARKET - OPERATIONS WITH SALES,NA,1,30.4
2019,STATE,LOUISIANA,22,STRAWBERRIES,ORGANIC,FRESH MARKET - SALES,MEASURED IN $,NA,(D)
2019,STATE,LOUISIANA,22,STRAWBERRIES,ORGANIC,FRESH MARKET - SALES,MEASURED IN CWT,NA,(D)
2019,STATE,MAINE,23,STRAWBERRIES,ORGANIC - ACRES HARVESTED,NA,NA,5,36.7
2019,STATE,MAINE,23,STRAWBERRIES,ORGANIC - OPERATIONS WITH AREA HARVESTED,NA,NA,19,15.7
2019,STATE,MAINE,23,STRAWBERRIES,ORGANIC - OPERATIONS WITH SALES,NA,NA,19,15.7
2019,STATE,MAINE,23,STRAWBERRIES,ORGANIC - PRODUCTION,MEASURED IN CWT,NA,168,33.3
2019,STATE,MAINE,23,STRAWBERRIES,ORGANIC - SALES,MEASURED IN $,NA,NA,35.4
2019,STATE,MAINE,23,STRAWBERRIES,ORGANIC - SALES,MEASURED IN CWT,NA,168,33.4
2019,STATE,MAINE,23,STRAWBERRIES,ORGANIC,FRESH MARKET - OPERATIONS WITH SALES,NA,19,15.7
2019,STATE,MAINE,23,STRAWBERRIES,ORGANIC,FRESH MARKET - SALES,MEASURED IN $,NA,36.0
2019,STATE,MAINE,23,STRAWBERRIES,ORGANIC,FRESH MARKET - SALES,MEASURED IN CWT,168,33.8
2019,STATE,MARYLAND,24,STRAWBERRIES,ORGANIC - ACRES HARVESTED,NA,NA,4,36.7
2019,STATE,MARYLAND,24,STRAWBERRIES,ORGANIC - OPERATIONS WITH AREA HARVESTED,NA,NA,13,15.7
2019,STATE,MARYLAND,24,STRAWBERRIES,ORGANIC - OPERATIONS WITH SALES,NA,NA,13,15.7
2019,STATE,MARYLAND,24,STRAWBERRIES,ORGANIC - PRODUCTION,MEASURED IN CWT,NA,158,33.3
2019,STATE,MARYLAND,24,STRAWBERRIES,ORGANIC - SALES,MEASURED IN $,NA,NA,35.4
2019,STATE,MARYLAND,24,STRAWBERRIES,ORGANIC - SALES,MEASURED IN CWT,NA,158,33.4
2019,STATE,MARYLAND,24,STRAWBERRIES,ORGANIC,FRESH MARKET - OPERATIONS WITH SALES,NA,13,15.7
2019,STATE,MARYLAND,24,STRAWBERRIES,ORGANIC,FRESH MARKET - SALES,MEASURED IN $,NA,(D)
2019,STATE,MARYLAND,24,STRAWBERRIES,ORGANIC,FRESH MARKET - SALES,MEASURED IN CWT,NA,(D)
2019,STATE,MARYLAND,24,STRAWBERRIES,ORGANIC,PROCESSING - OPERATIONS WITH SALES,NA,2,(H)
2019,STATE,MARYLAND,24,STRAWBERRIES,ORGANIC,PROCESSING - SALES,MEASURED IN $,NA,(D)
2019,STATE,MARYLAND,24,STRAWBERRIES,ORGANIC,PROCESSING - SALES,MEASURED IN CWT,NA,(D)
2019,STATE,MASSACHUSETTS,25,STRAWBERRIES,ORGANIC - ACRES HARVESTED,NA,NA,14,36.7
2019,STATE,MASSACHUSETTS,25,STRAWBERRIES,ORGANIC - OPERATIONS WITH AREA HARVESTED,NA,NA,14,15.7
2019,STATE,MASSACHUSETTS,25,STRAWBERRIES,ORGANIC - OPERATIONS WITH SALES,NA,NA,14,15.7
2019,STATE,MASSACHUSETTS,25,STRAWBERRIES,ORGANIC - PRODUCTION,MEASURED IN CWT,NA,485,33.3
2019,STATE,MASSACHUSETTS,25,STRAWBERRIES,ORGANIC - SALES,MEASURED IN $,NA,NA,35.4
2019,STATE,MASSACHUSETTS,25,STRAWBERRIES,ORGANIC - SALES,MEASURED IN CWT,NA,485,33.4
2019,STATE,MASSACHUSETTS,25,STRAWBERRIES,ORGANIC,FRESH MARKET - OPERATIONS WITH SALES,NA,14,15.7
2019,STATE,MASSACHUSETTS,25,STRAWBERRIES,ORGANIC,FRESH MARKET - SALES,MEASURED IN $,NA,36.0
2019,STATE,MASSACHUSETTS,25,STRAWBERRIES,ORGANIC,FRESH MARKET - SALES,MEASURED IN CWT,485,33.8
2019,STATE,MICHIGAN,26,STRAWBERRIES,ORGANIC - ACRES HARVESTED,NA,NA,11,61.3
2019,STATE,MICHIGAN,26,STRAWBERRIES,ORGANIC - OPERATIONS WITH AREA HARVESTED,NA,NA,30,24.6
2019,STATE,MICHIGAN,26,STRAWBERRIES,ORGANIC - OPERATIONS WITH SALES,NA,NA,30,24.6
2019,STATE,MICHIGAN,26,STRAWBERRIES,ORGANIC - PRODUCTION,MEASURED IN CWT,NA,435,56.2
2019,STATE,MICHIGAN,26,STRAWBERRIES,ORGANIC - SALES,MEASURED IN $,NA,NA,(D)
2019,STATE,MICHIGAN,26,STRAWBERRIES,ORGANIC - SALES,MEASURED IN CWT,NA,435,56.2
2019,STATE,MICHIGAN,26,STRAWBERRIES,ORGANIC,FRESH MARKET - OPERATIONS WITH SALES,NA,30,24.6
2019,STATE,MICHIGAN,26,STRAWBERRIES,ORGANIC,FRESH MARKET - SALES,MEASURED IN $,NA,(D)
2019,STATE,MICHIGAN,26,STRAWBERRIES,ORGANIC,FRESH MARKET - SALES,MEASURED IN CWT,435,56.2
2019,STATE,MINNESOTA,27,STRAWBERRIES,ORGANIC - ACRES HARVESTED,NA,NA,NA,(D)
2019,STATE,MINNESOTA,27,STRAWBERRIES,ORGANIC - OPERATIONS WITH AREA HARVESTED,NA,NA,13,37.8
2019,STATE,MINNESOTA,27,STRAWBERRIES,ORGANIC - OPERATIONS WITH SALES,NA,NA,13,37.8
2019,STATE,MINNESOTA,27,STRAWBERRIES,ORGANIC - PRODUCTION,MEASURED IN CWT,NA,73,47.9
2019,STATE,MINNESOTA,27,STRAWBERRIES,ORGANIC - SALES,MEASURED IN $,NA,NA,55.0
2019,STATE,MINNESOTA,27,STRAWBERRIES,ORGANIC - SALES,MEASURED IN CWT,NA,73,47.9
2019,STATE,MINNESOTA,27,STRAWBERRIES,ORGANIC,FRESH MARKET - OPERATIONS WITH SALES,NA,13,37.8
2019,STATE,MINNESOTA,27,STRAWBERRIES,ORGANIC,FRESH MARKET - SALES,MEASURED IN $,NA,55.0
2019,STATE,MINNESOTA,27,STRAWBERRIES,ORGANIC,FRESH MARKET - SALES,MEASURED IN CWT,73,47.9
2019,STATE,MISSOURI,29,STRAWBERRIES,ORGANIC - ACRES HARVESTED,NA,NA,NA,(D)
2019,STATE,MISSOURI,29,STRAWBERRIES,ORGANIC - OPERATIONS WITH AREA HARVESTED,NA,NA,1,24.6
2019,STATE,MISSOURI,29,STRAWBERRIES,ORGANIC - OPERATIONS WITH SALES,NA,NA,1,24.6
2019,STATE,MISSOURI,29,STRAWBERRIES,ORGANIC - PRODUCTION,MEASURED IN CWT,NA,NA,(D)
2019,STATE,MISSOURI,29,STRAWBERRIES,ORGANIC - SALES,MEASURED IN $,NA,NA,(D)
2019,STATE,MISSOURI,29,STRAWBERRIES,ORGANIC - SALES,MEASURED IN CWT,NA,NA,(D)
2019,STATE,MISSOURI,29,STRAWBERRIES,ORGANIC,FRESH MARKET - OPERATIONS WITH SALES,NA,1,24.6
2019,STATE,MISSOURI,29,STRAWBERRIES,ORGANIC,FRESH MARKET - SALES,MEASURED IN $,NA,(D)
2019,STATE,MISSOURI,29,STRAWBERRIES,ORGANIC,FRESH MARKET - SALES,MEASURED IN CWT,NA,(D)
2019,STATE,MONTANA,30,STRAWBERRIES,ORGANIC - ACRES HARVESTED,NA,NA,NA,(D)
2019,STATE,MONTANA,30,STRAWBERRIES,ORGANIC - OPERATIONS WITH AREA HARVESTED,NA,NA,4,47.2
2019,STATE,MONTANA,30,STRAWBERRIES,ORGANIC - OPERATIONS WITH SALES,NA,NA,4,47.2
2019,STATE,MONTANA,30,STRAWBERRIES,ORGANIC - PRODUCTION,MEASURED IN CWT,NA,39,52.1
2019,STATE,MONTANA,30,STRAWBERRIES,ORGANIC - SALES,MEASURED IN $,NA,NA,59.1
2019,STATE,MONTANA,30,STRAWBERRIES,ORGANIC - SALES,MEASURED IN CWT,NA,39,52.1
2019,STATE,MONTANA,30,STRAWBERRIES,ORGANIC,FRESH MARKET - OPERATIONS WITH SALES,NA,4,47.2
2019,STATE,MONTANA,30,STRAWBERRIES,ORGANIC,FRESH MARKET - SALES,MEASURED IN $,NA,59.1
2019,STATE,MONTANA,30,STRAWBERRIES,ORGANIC,FRESH MARKET - SALES,MEASURED IN CWT,39,52.1
2019,STATE,NEBRASKA,31,STRAWBERRIES,ORGANIC - ACRES HARVESTED,NA,NA,NA,(D)
2019,STATE,NEBRASKA,31,STRAWBERRIES,ORGANIC - OPERATIONS WITH AREA HARVESTED,NA,NA,2,69.8
2019,STATE,NEBRASKA,31,STRAWBERRIES,ORGANIC - OPERATIONS WITH SALES,NA,NA,2,69.8
2019,STATE,NEBRASKA,31,STRAWBERRIES,ORGANIC - PRODUCTION,MEASURED IN CWT,NA,NA,(D)
2019,STATE,NEBRASKA,31,STRAWBERRIES,ORGANIC - SALES,MEASURED IN $,NA,NA,(D)
2019,STATE,NEBRASKA,31,STRAWBERRIES,ORGANIC - SALES,MEASURED IN CWT,NA,NA,(D)
2019,STATE,NEBRASKA,31,STRAWBERRIES,ORGANIC,FRESH MARKET - OPERATIONS WITH SALES,NA,2,69.8
2019,STATE,NEBRASKA,31,STRAWBERRIES,ORGANIC,FRESH MARKET - SALES,MEASURED IN $,NA,(D)
2019,STATE,NEBRASKA,31,STRAWBERRIES,ORGANIC,FRESH MARKET - SALES,MEASURED IN CWT,NA,(D)
2019,STATE,NEVADA,32,STRAWBERRIES,ORGANIC - ACRES HARVESTED,NA,NA,NA,(D)
2019,STATE,NEVADA,32,STRAWBERRIES,ORGANIC - OPERATIONS WITH AREA HARVESTED,NA,NA,1,47.2
2019,STATE,NEVADA,32,STRAWBERRIES,ORGANIC - OPERATIONS WITH SALES,NA,NA,1,47.2
2019,STATE,NEVADA,32,STRAWBERRIES,ORGANIC - PRODUCTION,MEASURED IN CWT,NA,NA,(D)
2019,STATE,NEVADA,32,STRAWBERRIES,ORGANIC - SALES,MEASURED IN $,NA,NA,(D)
2019,STATE,NEVADA,32,STRAWBERRIES,ORGANIC - SALES,MEASURED IN CWT,NA,NA,(D)
2019,STATE,NEVADA,32,STRAWBERRIES,ORGANIC,FRESH MARKET - OPERATIONS WITH SALES,NA,1,47.2
2019,STATE,NEVADA,32,STRAWBERRIES,ORGANIC,FRESH MARKET - SALES,MEASURED IN $,NA,(D)
2019,STATE,NEVADA,32,STRAWBERRIES,ORGANIC,FRESH MARKET - SALES,MEASURED IN CWT,NA,(D)
2019,STATE,NEW HAMPSHIRE,33,STRAWBERRIES,ORGANIC - ACRES HARVESTED,NA,NA,1,36.7
2019,STATE,NEW HAMPSHIRE,33,STRAWBERRIES,ORGANIC - OPERATIONS WITH AREA HARVESTED,NA,NA,4,15.7
2019,STATE,NEW HAMPSHIRE,33,STRAWBERRIES,ORGANIC - OPERATIONS WITH SALES,NA,NA,4,15.7
2019,STATE,NEW HAMPSHIRE,33,STRAWBERRIES,ORGANIC - PRODUCTION,MEASURED IN CWT,NA,NA,(D)
2019,STATE,NEW HAMPSHIRE,33,STRAWBERRIES,ORGANIC - SALES,MEASURED IN $,NA,NA,35.4
2019,STATE,NEW HAMPSHIRE,33,STRAWBERRIES,ORGANIC - SALES,MEASURED IN CWT,NA,NA,(D)
2019,STATE,NEW HAMPSHIRE,33,STRAWBERRIES,ORGANIC,FRESH MARKET - OPERATIONS WITH SALES,NA,4,15.7
2019,STATE,NEW HAMPSHIRE,33,STRAWBERRIES,ORGANIC,FRESH MARKET - SALES,MEASURED IN $,NA,36.0
2019,STATE,NEW HAMPSHIRE,33,STRAWBERRIES,ORGANIC,FRESH MARKET - SALES,MEASURED IN CWT,NA,(D)
2019,STATE,NEW JERSEY,34,STRAWBERRIES,ORGANIC - ACRES HARVESTED,NA,NA,7,36.7
2019,STATE,NEW JERSEY,34,STRAWBERRIES,ORGANIC - OPERATIONS WITH AREA HARVESTED,NA,NA,10,15.7
2019,STATE,NEW JERSEY,34,STRAWBERRIES,ORGANIC - OPERATIONS WITH SALES,NA,NA,10,15.7
2019,STATE,NEW JERSEY,34,STRAWBERRIES,ORGANIC - PRODUCTION,MEASURED IN CWT,NA,208,33.3
2019,STATE,NEW JERSEY,34,STRAWBERRIES,ORGANIC - SALES,MEASURED IN $,NA,NA,(D)
2019,STATE,NEW JERSEY,34,STRAWBERRIES,ORGANIC - SALES,MEASURED IN CWT,NA,208,33.4
2019,STATE,NEW JERSEY,34,STRAWBERRIES,ORGANIC,FRESH MARKET - OPERATIONS WITH SALES,NA,10,15.7
2019,STATE,NEW JERSEY,34,STRAWBERRIES,ORGANIC,FRESH MARKET - SALES,MEASURED IN $,NA,(D)
2019,STATE,NEW JERSEY,34,STRAWBERRIES,ORGANIC,FRESH MARKET - SALES,MEASURED IN CWT,208,33.8
2019,STATE,NEW MEXICO,35,STRAWBERRIES,ORGANIC - ACRES HARVESTED,NA,NA,NA,(D)
2019,STATE,NEW MEXICO,35,STRAWBERRIES,ORGANIC - OPERATIONS WITH AREA HARVESTED,NA,NA,1,47.2
2019,STATE,NEW MEXICO,35,STRAWBERRIES,ORGANIC - OPERATIONS WITH SALES,NA,NA,1,47.2
2019,STATE,NEW MEXICO,35,STRAWBERRIES,ORGANIC - PRODUCTION,MEASURED IN CWT,NA,NA,(D)
2019,STATE,NEW MEXICO,35,STRAWBERRIES,ORGANIC - SALES,MEASURED IN $,NA,NA,(D)
2019,STATE,NEW MEXICO,35,STRAWBERRIES,ORGANIC - SALES,MEASURED IN CWT,NA,NA,(D)
2019,STATE,NEW MEXICO,35,STRAWBERRIES,ORGANIC,FRESH MARKET - OPERATIONS WITH SALES,NA,1,47.2
2019,STATE,NEW MEXICO,35,STRAWBERRIES,ORGANIC,FRESH MARKET - SALES,MEASURED IN $,NA,(D)
2019,STATE,NEW MEXICO,35,STRAWBERRIES,ORGANIC,FRESH MARKET - SALES,MEASURED IN CWT,NA,(D)
2019,STATE,NEW YORK,36,STRAWBERRIES,ORGANIC - ACRES HARVESTED,NA,NA,41,40.9
2019,STATE,NEW YORK,36,STRAWBERRIES,ORGANIC - OPERATIONS WITH AREA HARVESTED,NA,NA,36,27.3
2019,STATE,NEW YORK,36,STRAWBERRIES,ORGANIC - OPERATIONS WITH SALES,NA,NA,36,27.3
2019,STATE,NEW YORK,36,STRAWBERRIES,ORGANIC - PRODUCTION,MEASURED IN CWT,NA,NA,32.6
2019,STATE,NEW YORK,36,STRAWBERRIES,ORGANIC - SALES,MEASURED IN $,NA,NA,42.2
2019,STATE,NEW YORK,36,STRAWBERRIES,ORGANIC - SALES,MEASURED IN CWT,NA,NA,32.6
2019,STATE,NEW YORK,36,STRAWBERRIES,ORGANIC,FRESH MARKET - OPERATIONS WITH SALES,NA,34,28.7
2019,STATE,NEW YORK,36,STRAWBERRIES,ORGANIC,FRESH MARKET - SALES,MEASURED IN $,NA,(D)
2019,STATE,NEW YORK,36,STRAWBERRIES,ORGANIC,FRESH MARKET - SALES,MEASURED IN CWT,NA,(D)
2019,STATE,NEW YORK,36,STRAWBERRIES,ORGANIC,PROCESSING - OPERATIONS WITH SALES,NA,2,95.0
2019,STATE,NEW YORK,36,STRAWBERRIES,ORGANIC,PROCESSING - SALES,MEASURED IN $,NA,(D)
2019,STATE,NEW YORK,36,STRAWBERRIES,ORGANIC,PROCESSING - SALES,MEASURED IN CWT,NA,(D)
2019,STATE,NORTH CAROLINA,37,STRAWBERRIES,ORGANIC - ACRES HARVESTED,NA,NA,4,94.6
2019,STATE,NORTH CAROLINA,37,STRAWBERRIES,ORGANIC - OPERATIONS WITH AREA HARVESTED,NA,NA,7,43.9
2019,STATE,NORTH CAROLINA,37,STRAWBERRIES,ORGANIC - OPERATIONS WITH SALES,NA,NA,7,43.9
2019,STATE,NORTH CAROLINA,37,STRAWBERRIES,ORGANIC - PRODUCTION,MEASURED IN CWT,NA,300,94.1
2019,STATE,NORTH CAROLINA,37,STRAWBERRIES,ORGANIC - SALES,MEASURED IN $,NA,NA,75.2
2019,STATE,NORTH CAROLINA,37,STRAWBERRIES,ORGANIC - SALES,MEASURED IN CWT,NA,300,94.1
2019,STATE,NORTH CAROLINA,37,STRAWBERRIES,ORGANIC,FRESH MARKET - OPERATIONS WITH SALES,NA,7,43.9
2019,STATE,NORTH CAROLINA,37,STRAWBERRIES,ORGANIC,FRESH MARKET - SALES,MEASURED IN $,NA,75.2
2019,STATE,NORTH CAROLINA,37,STRAWBERRIES,ORGANIC,FRESH MARKET - SALES,MEASURED IN CWT,300,94.1
2019,STATE,OHIO,39,STRAWBERRIES,ORGANIC - ACRES HARVESTED,NA,NA,9,66.3
2019,STATE,OHIO,39,STRAWBERRIES,ORGANIC - OPERATIONS WITH AREA HARVESTED,NA,NA,17,50.7
2019,STATE,OHIO,39,STRAWBERRIES,ORGANIC - OPERATIONS WITH SALES,NA,NA,17,50.7
2019,STATE,OHIO,39,STRAWBERRIES,ORGANIC - PRODUCTION,MEASURED IN CWT,NA,315,56.9
2019,STATE,OHIO,39,STRAWBERRIES,ORGANIC - SALES,MEASURED IN $,NA,NA,85.0
2019,STATE,OHIO,39,STRAWBERRIES,ORGANIC - SALES,MEASURED IN CWT,NA,315,56.9
2019,STATE,OHIO,39,STRAWBERRIES,ORGANIC,FRESH MARKET - OPERATIONS WITH SALES,NA,17,50.7
2019,STATE,OHIO,39,STRAWBERRIES,ORGANIC,FRESH MARKET - SALES,MEASURED IN $,NA,85.0
2019,STATE,OHIO,39,STRAWBERRIES,ORGANIC,FRESH MARKET - SALES,MEASURED IN CWT,315,56.9
2019,STATE,OKLAHOMA,40,STRAWBERRIES,ORGANIC - ACRES HARVESTED,NA,NA,10,(H)
2019,STATE,OKLAHOMA,40,STRAWBERRIES,ORGANIC - OPERATIONS WITH AREA HARVESTED,NA,NA,4,95.2
2019,STATE,OKLAHOMA,40,STRAWBERRIES,ORGANIC - OPERATIONS WITH SALES,NA,NA,4,95.2
2019,STATE,OKLAHOMA,40,STRAWBERRIES,ORGANIC - PRODUCTION,MEASURED IN CWT,NA,880,(H)
2019,STATE,OKLAHOMA,40,STRAWBERRIES,ORGANIC - SALES,MEASURED IN $,NA,NA,(H)
2019,STATE,OKLAHOMA,40,STRAWBERRIES,ORGANIC - SALES,MEASURED IN CWT,NA,880,(H)
2019,STATE,OKLAHOMA,40,STRAWBERRIES,ORGANIC,FRESH MARKET - OPERATIONS WITH SALES,NA,4,95.2
2019,STATE,OKLAHOMA,40,STRAWBERRIES,ORGANIC,FRESH MARKET - SALES,MEASURED IN $,NA,(H)
2019,STATE,OKLAHOMA,40,STRAWBERRIES,ORGANIC,FRESH MARKET - SALES,MEASURED IN CWT,880,(H)
2019,STATE,OREGON,41,STRAWBERRIES,ORGANIC - ACRES HARVESTED,NA,NA,197,(H)
2019,STATE,OREGON,41,STRAWBERRIES,ORGANIC - OPERATIONS WITH AREA HARVESTED,NA,NA,21,42.5
2019,STATE,OREGON,41,STRAWBERRIES,ORGANIC - OPERATIONS WITH SALES,NA,NA,21,42.5
2019,STATE,OREGON,41,STRAWBERRIES,ORGANIC - PRODUCTION,MEASURED IN CWT,NA,NA,(H)
2019,STATE,OREGON,41,STRAWBERRIES,ORGANIC - SALES,MEASURED IN $,NA,NA,(H)
2019,STATE,OREGON,41,STRAWBERRIES,ORGANIC - SALES,MEASURED IN CWT,NA,NA,(H)
2019,STATE,OREGON,41,STRAWBERRIES,ORGANIC,FRESH MARKET - OPERATIONS WITH SALES,NA,19,39.8
2019,STATE,OREGON,41,STRAWBERRIES,ORGANIC,FRESH MARKET - SALES,MEASURED IN $,NA,59.6
2019,STATE,OREGON,41,STRAWBERRIES,ORGANIC,FRESH MARKET - SALES,MEASURED IN CWT,NA,38.9
2019,STATE,OREGON,41,STRAWBERRIES,ORGANIC,PROCESSING - OPERATIONS WITH SALES,NA,3,(H)
2019,STATE,OREGON,41,STRAWBERRIES,ORGANIC,PROCESSING - SALES,MEASURED IN $,NA,(H)
2019,STATE,OREGON,41,STRAWBERRIES,ORGANIC,PROCESSING - SALES,MEASURED IN CWT,NA,(H)
2019,STATE,PENNSYLVANIA,42,STRAWBERRIES,ORGANIC - ACRES HARVESTED,NA,NA,6,43.1
2019,STATE,PENNSYLVANIA,42,STRAWBERRIES,ORGANIC - OPERATIONS WITH AREA HARVESTED,NA,NA,16,49.0
2019,STATE,PENNSYLVANIA,42,STRAWBERRIES,ORGANIC - OPERATIONS WITH SALES,NA,NA,16,49.0
2019,STATE,PENNSYLVANIA,42,STRAWBERRIES,ORGANIC - PRODUCTION,MEASURED IN CWT,NA,341,38.4
2019,STATE,PENNSYLVANIA,42,STRAWBERRIES,ORGANIC - SALES,MEASURED IN $,NA,NA,35.1
2019,STATE,PENNSYLVANIA,42,STRAWBERRIES,ORGANIC - SALES,MEASURED IN CWT,NA,341,38.4
2019,STATE,PENNSYLVANIA,42,STRAWBERRIES,ORGANIC,FRESH MARKET - OPERATIONS WITH SALES,NA,16,49.0
2019,STATE,PENNSYLVANIA,42,STRAWBERRIES,ORGANIC,FRESH MARKET - SALES,MEASURED IN $,NA,35.1
2019,STATE,PENNSYLVANIA,42,STRAWBERRIES,ORGANIC,FRESH MARKET - SALES,MEASURED IN CWT,341,38.4
2019,STATE,RHODE ISLAND,44,STRAWBERRIES,ORGANIC - ACRES HARVESTED,NA,NA,NA,(D)
2019,STATE,RHODE ISLAND,44,STRAWBERRIES,ORGANIC - OPERATIONS WITH AREA HARVESTED,NA,NA,2,15.7
2019,STATE,RHODE ISLAND,44,STRAWBERRIES,ORGANIC - OPERATIONS WITH SALES,NA,NA,2,15.7
2019,STATE,RHODE ISLAND,44,STRAWBERRIES,ORGANIC - PRODUCTION,MEASURED IN CWT,NA,NA,(D)
2019,STATE,RHODE ISLAND,44,STRAWBERRIES,ORGANIC - SALES,MEASURED IN $,NA,NA,(D)
2019,STATE,RHODE ISLAND,44,STRAWBERRIES,ORGANIC - SALES,MEASURED IN CWT,NA,NA,(D)
2019,STATE,RHODE ISLAND,44,STRAWBERRIES,ORGANIC,FRESH MARKET - OPERATIONS WITH SALES,NA,2,15.7
2019,STATE,RHODE ISLAND,44,STRAWBERRIES,ORGANIC,FRESH MARKET - SALES,MEASURED IN $,NA,(D)
2019,STATE,RHODE ISLAND,44,STRAWBERRIES,ORGANIC,FRESH MARKET - SALES,MEASURED IN CWT,NA,(D)
2019,STATE,SOUTH CAROLINA,45,STRAWBERRIES,ORGANIC - ACRES HARVESTED,NA,NA,13,79.0
2019,STATE,SOUTH CAROLINA,45,STRAWBERRIES,ORGANIC - OPERATIONS WITH AREA HARVESTED,NA,NA,8,30.4
2019,STATE,SOUTH CAROLINA,45,STRAWBERRIES,ORGANIC - OPERATIONS WITH SALES,NA,NA,8,30.4
2019,STATE,SOUTH CAROLINA,45,STRAWBERRIES,ORGANIC - PRODUCTION,MEASURED IN CWT,NA,332,76.3
2019,STATE,SOUTH CAROLINA,45,STRAWBERRIES,ORGANIC - SALES,MEASURED IN $,NA,NA,83.4
2019,STATE,SOUTH CAROLINA,45,STRAWBERRIES,ORGANIC - SALES,MEASURED IN CWT,NA,332,76.3
2019,STATE,SOUTH CAROLINA,45,STRAWBERRIES,ORGANIC,FRESH MARKET - OPERATIONS WITH SALES,NA,8,30.4
2019,STATE,SOUTH CAROLINA,45,STRAWBERRIES,ORGANIC,FRESH MARKET - SALES,MEASURED IN $,NA,83.4
2019,STATE,SOUTH CAROLINA,45,STRAWBERRIES,ORGANIC,FRESH MARKET - SALES,MEASURED IN CWT,332,76.3
2019,STATE,SOUTH DAKOTA,46,STRAWBERRIES,ORGANIC - ACRES HARVESTED,NA,NA,NA,(D)
2019,STATE,SOUTH DAKOTA,46,STRAWBERRIES,ORGANIC - OPERATIONS WITH AREA HARVESTED,NA,NA,1,69.8
2019,STATE,SOUTH DAKOTA,46,STRAWBERRIES,ORGANIC - OPERATIONS WITH SALES,NA,NA,1,69.8
2019,STATE,SOUTH DAKOTA,46,STRAWBERRIES,ORGANIC - PRODUCTION,MEASURED IN CWT,NA,NA,(D)
2019,STATE,SOUTH DAKOTA,46,STRAWBERRIES,ORGANIC - SALES,MEASURED IN $,NA,NA,(D)
2019,STATE,SOUTH DAKOTA,46,STRAWBERRIES,ORGANIC - SALES,MEASURED IN CWT,NA,NA,(D)
2019,STATE,SOUTH DAKOTA,46,STRAWBERRIES,ORGANIC,FRESH MARKET - OPERATIONS WITH SALES,NA,1,69.8
2019,STATE,SOUTH DAKOTA,46,STRAWBERRIES,ORGANIC,FRESH MARKET - SALES,MEASURED IN $,NA,(D)
2019,STATE,SOUTH DAKOTA,46,STRAWBERRIES,ORGANIC,FRESH MARKET - SALES,MEASURED IN CWT,NA,(D)
2019,STATE,TENNESSEE,47,STRAWBERRIES,ORGANIC - ACRES HARVESTED,NA,NA,5,94.6
2019,STATE,TENNESSEE,47,STRAWBERRIES,ORGANIC - OPERATIONS WITH AREA HARVESTED,NA,NA,7,43.9
2019,STATE,TENNESSEE,47,STRAWBERRIES,ORGANIC - OPERATIONS WITH SALES,NA,NA,7,43.9
2019,STATE,TENNESSEE,47,STRAWBERRIES,ORGANIC - PRODUCTION,MEASURED IN CWT,NA,219,94.1
2019,STATE,TENNESSEE,47,STRAWBERRIES,ORGANIC - SALES,MEASURED IN $,NA,NA,75.2
2019,STATE,TENNESSEE,47,STRAWBERRIES,ORGANIC - SALES,MEASURED IN CWT,NA,219,94.1
2019,STATE,TENNESSEE,47,STRAWBERRIES,ORGANIC,FRESH MARKET - OPERATIONS WITH SALES,NA,7,43.9
2019,STATE,TENNESSEE,47,STRAWBERRIES,ORGANIC,FRESH MARKET - SALES,MEASURED IN $,NA,75.2
2019,STATE,TENNESSEE,47,STRAWBERRIES,ORGANIC,FRESH MARKET - SALES,MEASURED IN CWT,219,94.1
2019,STATE,VERMONT,50,STRAWBERRIES,ORGANIC - ACRES HARVESTED,NA,NA,21,32.0
2019,STATE,VERMONT,50,STRAWBERRIES,ORGANIC - OPERATIONS WITH AREA HARVESTED,NA,NA,26,23.2
2019,STATE,VERMONT,50,STRAWBERRIES,ORGANIC - OPERATIONS WITH SALES,NA,NA,26,23.2
2019,STATE,VERMONT,50,STRAWBERRIES,ORGANIC - PRODUCTION,MEASURED IN CWT,NA,NA,39.3
2019,STATE,VERMONT,50,STRAWBERRIES,ORGANIC - SALES,MEASURED IN $,NA,NA,34.0
2019,STATE,VERMONT,50,STRAWBERRIES,ORGANIC - SALES,MEASURED IN CWT,NA,NA,39.3
2019,STATE,VERMONT,50,STRAWBERRIES,ORGANIC,FRESH MARKET - OPERATIONS WITH SALES,NA,26,23.2
2019,STATE,VERMONT,50,STRAWBERRIES,ORGANIC,FRESH MARKET - SALES,MEASURED IN $,NA,34.0
2019,STATE,VERMONT,50,STRAWBERRIES,ORGANIC,FRESH MARKET - SALES,MEASURED IN CWT,NA,39.3
2019,STATE,VIRGINIA,51,STRAWBERRIES,ORGANIC - ACRES HARVESTED,NA,NA,NA,(D)
2019,STATE,VIRGINIA,51,STRAWBERRIES,ORGANIC - OPERATIONS WITH AREA HARVESTED,NA,NA,1,43.9
2019,STATE,VIRGINIA,51,STRAWBERRIES,ORGANIC - OPERATIONS WITH SALES,NA,NA,1,43.9
2019,STATE,VIRGINIA,51,STRAWBERRIES,ORGANIC - PRODUCTION,MEASURED IN CWT,NA,NA,(D)
2019,STATE,VIRGINIA,51,STRAWBERRIES,ORGANIC - SALES,MEASURED IN $,NA,NA,(D)
2019,STATE,VIRGINIA,51,STRAWBERRIES,ORGANIC - SALES,MEASURED IN CWT,NA,NA,(D)
2019,STATE,VIRGINIA,51,STRAWBERRIES,ORGANIC,FRESH MARKET - OPERATIONS WITH SALES,NA,1,43.9
2019,STATE,VIRGINIA,51,STRAWBERRIES,ORGANIC,FRESH MARKET - SALES,MEASURED IN $,NA,(D)
2019,STATE,VIRGINIA,51,STRAWBERRIES,ORGANIC,FRESH MARKET - SALES,MEASURED IN CWT,NA,(D)
2019,STATE,WASHINGTON,53,STRAWBERRIES,ORGANIC - ACRES HARVESTED,NA,NA,55,58.3
2019,STATE,WASHINGTON,53,STRAWBERRIES,ORGANIC - OPERATIONS WITH AREA HARVESTED,NA,NA,57,40.1
2019,STATE,WASHINGTON,53,STRAWBERRIES,ORGANIC - OPERATIONS WITH SALES,NA,NA,57,40.1
2019,STATE,WASHINGTON,53,STRAWBERRIES,ORGANIC - PRODUCTION,MEASURED IN CWT,NA,NA,78.4
2019,STATE,WASHINGTON,53,STRAWBERRIES,ORGANIC - SALES,MEASURED IN $,NA,NA,67.2
2019,STATE,WASHINGTON,53,STRAWBERRIES,ORGANIC - SALES,MEASURED IN CWT,NA,NA,78.4
2019,STATE,WASHINGTON,53,STRAWBERRIES,ORGANIC,FRESH MARKET - OPERATIONS WITH SALES,NA,53,40.5
2019,STATE,WASHINGTON,53,STRAWBERRIES,ORGANIC,FRESH MARKET - SALES,MEASURED IN $,NA,(D)
2019,STATE,WASHINGTON,53,STRAWBERRIES,ORGANIC,FRESH MARKET - SALES,MEASURED IN CWT,NA,79.4
2019,STATE,WASHINGTON,53,STRAWBERRIES,ORGANIC,PROCESSING - OPERATIONS WITH SALES,NA,6,89.2
2019,STATE,WASHINGTON,53,STRAWBERRIES,ORGANIC,PROCESSING - SALES,MEASURED IN $,NA,(D)
2019,STATE,WASHINGTON,53,STRAWBERRIES,ORGANIC,PROCESSING - SALES,MEASURED IN CWT,23,80.9
2019,STATE,WEST VIRGINIA,54,STRAWBERRIES,ORGANIC - ACRES HARVESTED,NA,NA,NA,(D)
2019,STATE,WEST VIRGINIA,54,STRAWBERRIES,ORGANIC - OPERATIONS WITH AREA HARVESTED,NA,NA,1,43.9
2019,STATE,WEST VIRGINIA,54,STRAWBERRIES,ORGANIC - OPERATIONS WITH SALES,NA,NA,1,43.9
2019,STATE,WEST VIRGINIA,54,STRAWBERRIES,ORGANIC - PRODUCTION,MEASURED IN CWT,NA,NA,(D)
2019,STATE,WEST VIRGINIA,54,STRAWBERRIES,ORGANIC - SALES,MEASURED IN $,NA,NA,(D)
2019,STATE,WEST VIRGINIA,54,STRAWBERRIES,ORGANIC - SALES,MEASURED IN CWT,NA,NA,(D)
2019,STATE,WEST VIRGINIA,54,STRAWBERRIES,ORGANIC,FRESH MARKET - OPERATIONS WITH SALES,NA,1,43.9
2019,STATE,WEST VIRGINIA,54,STRAWBERRIES,ORGANIC,FRESH MARKET - SALES,MEASURED IN $,NA,(D)
2019,STATE,WEST VIRGINIA,54,STRAWBERRIES,ORGANIC,FRESH MARKET - SALES,MEASURED IN CWT,NA,(D)
2019,STATE,WISCONSIN,55,STRAWBERRIES,ORGANIC - ACRES HARVESTED,NA,NA,5,56.3
2019,STATE,WISCONSIN,55,STRAWBERRIES,ORGANIC - OPERATIONS WITH AREA HARVESTED,NA,NA,22,23.8
2019,STATE,WISCONSIN,55,STRAWBERRIES,ORGANIC - OPERATIONS WITH SALES,NA,NA,22,23.8
2019,STATE,WISCONSIN,55,STRAWBERRIES,ORGANIC - PRODUCTION,MEASURED IN CWT,NA,135,55.9
2019,STATE,WISCONSIN,55,STRAWBERRIES,ORGANIC - SALES,MEASURED IN $,NA,NA,42.1
2019,STATE,WISCONSIN,55,STRAWBERRIES,ORGANIC - SALES,MEASURED IN CWT,NA,135,55.9
2019,STATE,WISCONSIN,55,STRAWBERRIES,ORGANIC,FRESH MARKET - OPERATIONS WITH SALES,NA,22,23.8
2019,STATE,WISCONSIN,55,STRAWBERRIES,ORGANIC,FRESH MARKET - SALES,MEASURED IN $,NA,42.1
2019,STATE,WISCONSIN,55,STRAWBERRIES,ORGANIC,FRESH MARKET - SALES,MEASURED IN CWT,135,55.9
